六,６
六,６つ
六,半ダース
六,六つ
六,陸
千,阡
千,一千
五,５
百,１００
万,一万
年,高齢
年,老い
年,老年
年,老年期
年,老齢
年,年頃
年,齢
年,年令
年,年齢
年,歳
年,歳次
年,年中
年,年度
年,年間
年,年歳
年,齢
年,年歯
年,馬齢
年,年算
年,年歳
前,前部
前,表
前,フロント
前,表がわ
前,前っ面
前,そば
前,目の前
前,お前
前,面前
前,御前
前,前部
前,フロント
前,前っ面
前,前面
絶滅,断滅
絶滅,滅び尽きる
絶滅,絶家
絶滅,滅絶
絶滅,滅びつきる
絶滅,消去
絶滅,除却
絶滅,取去る
絶滅,取りのぞく
絶滅,なくす
急速,速やか
急速,急激
急速,迅速
急速,飛躍的
急速,速い
急速,速やか
急速,手早
急速,急激
急速,迅速
急速,手っ取り早い
繁栄,栄える
繁栄,振るう
繁栄,興隆
繁栄,開花
繁栄,盛る
繁栄,栄える
繁栄,振るう
繁栄,興隆
繁栄,盛る
繁栄,賑わう
最初,元元
最初,初めに
最初,固より
最初,最初に
最初,元より
最初,はじめに
今,丁度
今,ついさっき
今,今にして
今,今や
今,今では
今,今では
今,この節
今,此の程
今,此の節
今,丁度
今,たった今
今,ただ今
今,ちょうど
今,ついさっき
今,この時
今,さし向き
今,さしあたって
今,現在
今,今や
今,差し当たって
ネズミ,鼠
ネズミ,ラット
体温,血温
体温,温度
体温,熱度
体温,気温
一定,明暮
一定,極まって
一定,つねづね
一定,常々
一定,いつも
体,エア
体,風情
体,天空
体,エアー
体,空気
体,姿態
体,花柱
体,風格
体,調子
体,スタイル
体,骨身
体,ししむら
体,五体
体,身
体,肉塊
体,姿態
体,風格
体,調子
体,スタイル
体,体裁
体,仮相
体,風情
体,見え
体,身なり
体,体貌
体,形式
体,恰好
体,格好
体,表し方
体,体裁
体,姿態
体,風格
体,調子
体,スタイル
体,体裁
中,内側
中,内辺
中,内
中,内方
中,内部
中,椎体
中,中ごろ
中,中間
中,中間点
中,最中
中,胴中
中,十人並
中,凡愚
中,中位
中,中分
中,平凡
中,まっ只中
中,直中
中,真っただ中
中,真只中
中,真っただなか
いろいろ,盛沢山
いろいろ,多種多様
いろいろ,種々雑多
いろいろ,さまざま
いろいろ,取々
いろいろ,多種多様
いろいろ,千差万別
いろいろ,色取り取り
いろいろ,さまざま
いろいろ,区区たる
いろいろ,多種多様
いろいろ,さまざま
いろいろ,種種
いろいろ,色々
いろいろ,様々
環境,前後関係
環境,コンテクスト
環境,状況
環境,背景
環境,コンテキスト
環境,生態
環境,周囲
環境,外囲
環境,事情
環境,情況
環境,状況
多く,屡屡
多く,大きに
多く,再再
多く,往往
多く,屡々
多く,通じて
多く,大抵
多く,たいてい
多く,ほぼ
多く,ほとんど
多く,往往
多く,大抵
多く,往々
多く,山山
多く,うんと
多く,たくさん
多く,聢り
多く,豊富
種類,銘柄
種類,ジャンル
種類,型
種類,タイプ
種類,類い
種類,類型
種類,型
種類,類
種類,品種
種類,タイプ
種類,ジャンル
種類,タイプ
種類,類型
種類,型
種類,種
種類,種別
種類,カテゴリ
種類,クラス
種類,種目
種類,範疇
種類,タイプ
種類,型
種類,カテゴリ
種類,範疇
種類,部類
種類,カテゴリー
種類,部門
種類,品種
種類,ジャンル
種類,類概念
種類,部類
種類,類
サル,類人猿
サル,エテ公
サル,猿公
サル,山猿
サル,猿
サル,猿猴
仲間,連中
仲間,集団
仲間,サークル
仲間,群れ
仲間,グループ
仲間,相棒
仲間,フレンド
仲間,朋友
仲間,馴じみ
仲間,味方
仲間,身方
仲間,味方
仲間,身方
仲間,同朋
仲間,同種
仲間,同類
仲間,成員
仲間,メンバー
仲間,会員
仲間,相棒
仲間,棒組
仲間,片棒
仲間,共同作業者
仲間,つれ合い
仲間,相棒
仲間,茶飲み友達
仲間,茶飲友達
仲間,茶飲み友だち
仲間,茶飲み仲間
仲間,僚
仲間,交友
仲間,お供
仲間,連れ
仲間,相手
仲間,片方
仲間,同人
仲間,同士
仲間,友だち
仲間,友達
仲間,輩
仲間,同僚
仲間,同輩
仲間,同等の人
仲間,一門
仲間,ファミリー
仲間,連中
仲間,徒党
仲間,群れ
仲間,一党
仲間,徒
仲間,相識
仲間,知己
仲間,お近づき
仲間,御近付き
仲間,御近付
仲間,成員
仲間,メンバ
仲間,一員
仲間,メンバー
仲間,１員
仲間,常連
仲間,侶伴
仲間,同士
仲間,定連
霊長類,霊長目
さまざま,様々
さまざま,多様
さまざま,種々
さまざま,様様
さまざま,様々
さまざま,多方面
さまざま,盛沢山
さまざま,多種多様
さまざま,種々雑多
さまざま,取々
さまざま,種種
さまざま,多種多様
さまざま,千差万別
さまざま,色取り取り
さまざま,区区たる
さまざま,種種
さまざま,多種多様
さまざま,種種
さまざま,色々
さまざま,様々
さまざま,いろいろ
進化,開ける
進化,成長
進化,開展
進化,育つ
進化,振興
中,内側
中,内辺
中,内
中,内方
中,内部
中,椎体
中,中ごろ
中,中間
中,中間点
中,最中
中,胴中
中,十人並
中,凡愚
中,中位
中,中分
中,平凡
中,まっ只中
中,直中
中,真っただ中
中,真只中
中,真っただなか
森,樹林
森,林地
森,ラフォーレ
森,森林地
森,森林地帯
森,樹林
森,林地
森,林
森,森林
中,内側
中,内辺
中,内
中,内方
中,内部
中,椎体
中,中ごろ
中,中間
中,中間点
中,最中
中,胴中
中,十人並
中,凡愚
中,中位
中,中分
中,平凡
中,まっ只中
中,直中
中,真っただ中
中,真只中
中,真っただなか
霊長類,霊長目
人類,ヒト
人類,人
人類,人間
祖先,先祖
祖先,人祖
祖先,太祖
祖先,祖
祖先,高祖
祖先,先祖
祖先,始祖
祖先,ルーツ
一日,太陽日
一日,平均太陽日
一日,日
木,成木
木,ツリー
木,天然木
木,高木
木,樹
木,樹形図
木,成木
木,ツリー
木,天然木
木,高木
木,樹
木,樹形図
食料,時刻表
食料,料理
食料,テーブル
食料,食事
食料,膳
たくさん,多量
たくさん,豊満
たくさん,豊饒
たくさん,豊
たくさん,数多
たくさん,十分
たくさん,可也
たくさん,大形
たくさん,可成
たくさん,充分
たくさん,多い
たくさん,仰山
たくさん,ぎょうさん
たくさん,沢山
たくさん,大量
身,骨身
身,ししむら
身,五体
身,肉塊
身,躯体
都合,もうける
都合,図らう
都合,計らう
都合,按排
都合,配す
都合,捻出す
都合,募る
都合,調達
都合,融通
都合,貸す
都合,貸し出す
都合,貸しつける
都合,貸してあげる
場所,敷地
場所,敷き地
場所,料地
場所,サイト
場所,立地
場所,プレイス
場所,プレース
場所,プレイス
場所,スポット
場所,所
場所,ポイント
場所,箇所
場所,位置
場所,スポット
場所,所
場所,箇所
場所,個所
場所,場
場所,プレイス
場所,所
場所,所在
場所,位置
場所,ところ
場所,所
場所,位置
場所,ロケーション
場所,場
場所,地点
場所,ポイント
場所,箇所
場所,点
場所,地点
場所,所
場所,位置
場所,空間的関係
場所,ポジション
森,樹林
森,林地
森,ラフォーレ
森,森林地
森,森林地帯
森,樹林
森,林地
森,林
森,森林
木,成木
木,ツリー
木,天然木
木,高木
木,樹
木,樹形図
霊長類,霊長目
人類,ヒト
人類,人
人類,人間
祖先,先祖
祖先,人祖
祖先,太祖
祖先,祖
祖先,高祖
祖先,先祖
祖先,始祖
祖先,ルーツ
進化,開ける
進化,成長
進化,開展
進化,育つ
進化,振興
説,理屈
説,理窟
説,理論
説,理くつ
説,セオリー
説,理論
説,原理
説,学説
説,体系
説,セオリー
火山,噴火山
活発,はつらつたる
活発,溌溂たる
活発,敏活
活発,快活
活発,躍然たる
活発,はつらつたる
活発,朗らか
活発,溌溂たる
活発,敏活
活発,快活
活発,盛ん
活発,精力的
活発,元気
活発,壮
活発,盛ん
活発,精強
活発,精力的
活発,エネルギッシュ
活発,生々たる
活発,生き生きした
活発,生生たる
活発,活溌
活発,アクティヴ
活発,アクチブ
活発,積極的
活発,行動的
活発,能動的
活発,陽気
活発,盛ん
活発,御盛ん
活発,精力的
活発,お盛
活発,積極的
活発,熱い
活動,ムーヴィー
活動,フィルム
活動,電影
活動,シネマ
活動,フイルム
活動,自然作用
活動,作用
活動,営み
活動,働き
活動,ナチュラルプロセス
活動,行ない
活動,営み
活動,行動
活動,行い
活動,アクト
活動,アクティビティー
活動,アクティヴィティー
活動,アクティビティ
活動,ムーヴィー
活動,フィルム
活動,電影
活動,シネマ
活動,ムービー
地震,衝撃
地震,震動
地震,アースクェイク
地震,脈動
形成,形づくる
形成,形作る
形成,成形
形成,形づくる
形成,形造る
形成,形作る
形成,成型
形成,成形
形成,オーガナイズ
形成,もうける
形成,設立
形成,組織
形成,オルガナイズ
形成,形づくる
形成,形造る
形成,左右する
形成,規定
形成,決める
形成,形造る
形成,なる
形成,形作る
形成,生成
形成,造出す
標高,海抜
標高,alt
標高,隆起
標高,高台
標高,上昇
山脈,連峰
山脈,群峰
山脈,山岳地帯
山脈,山なみ
山脈,山並み
東側,東部
乾燥,かわき切る
乾燥,干る
乾燥,乾る
乾燥,乾く
乾燥,悴せる
乾燥,乾かす
乾燥,乾す
乾燥,脱水
場所,敷地
場所,敷き地
場所,料地
場所,サイト
場所,立地
場所,プレイス
場所,プレース
場所,プレイス
場所,スポット
場所,所
場所,ポイント
場所,箇所
場所,位置
場所,スポット
場所,所
場所,箇所
場所,個所
場所,場
場所,プレイス
場所,所
場所,所在
場所,位置
場所,ところ
場所,所
場所,位置
場所,ロケーション
場所,場
場所,地点
場所,ポイント
場所,箇所
場所,点
場所,地点
場所,所
場所,位置
場所,空間的関係
場所,ポジション
草原,牧草地
草原,牧野
草原,牧場
草原,放牧地
草原,牧地
草原,牧草地
草原,ステップ
草原,牧草地
草原,牧野
草原,牧場
草原,放牧地
草原,牧地
草原,牧草地
草原,ステップ
ため,利巧
ため,利益
ため,利得
ため,悧巧
ため,益
ため,利益
ため,目的
霊長類,霊長目
木,成木
木,ツリー
木,天然木
木,高木
木,樹
木,樹形図
豊か,豊富
豊か,多量
豊か,豊満
豊か,たくさん
豊か,豊饒
豊か,豊
豊か,豊富
豊か,豊富
豊か,豊潤
豊か,富祐
豊か,富饒
豊か,肥沃
豊か,豊饒
豊か,豊富
豊か,鷹揚
豊か,でかい
豊か,大把
豊か,おっきい
豊か,溶々たる
豊か,でかい
豊か,おっきい
豊か,豊
豊か,大きい
豊か,でっかい
豊か,肥沃
豊か,豊饒
豊か,豊
豊か,豊沃
豊か,十分
豊か,充分
豊か,豊富
豊か,ふんだん
森,樹林
森,林地
森,ラフォーレ
森,森林地
森,森林地帯
森,樹林
森,林地
森,林
森,森林
草原,牧草地
草原,牧野
草原,牧場
草原,放牧地
草原,牧地
草原,牧草地
草原,ステップ
食料,時刻表
食料,料理
食料,テーブル
食料,食事
食料,膳
危険,剣呑
危険,危ない
危険,やばい
危険,危い
危険,危うい
危険,危ない
危険,重大
危険,深刻
危険,やばい
危険,危い
危険,投機的
危険,悪い
危険,危ない
危険,剣呑
危険,やばい
危険,危い
危険,危うい
獲物,分捕り物
獲物,腐り金
獲物,分捕り
獲物,腐れ金
獲物,強奪物
獲物,かっこうの的
獲物,標的
獲物,的
獲物,えじき
獲物,食い物
獲物,狩猟鳥獣
獲物,猟獣
獲物,被食者
獲物,仕留められた獲物
獲物,餌食
敵,競争相手
敵,敵人
敵,挑戦者
敵,対敵
敵,ライバル
敵,荒廃
敵,仇
敵,破滅
敵,没落
敵,滅亡
敵,仇
敵,不和
敵,敵人
敵,仇
敵,対敵
敵,敵さん
敵,仇敵
敵,競争相手
敵,敵人
敵,対敵
敵,相手
敵,対抗馬
敵,敵人
敵,よせ手
敵,寄せ手
敵,対敵
敵,敵兵
敵,敵人
敵,対敵
敵,反対者
敵,敵手
敵,敵対者
敵,仇
敵,反対者
敵,仇同氏
敵,エネミー
敵,荒廃
敵,仇
敵,破滅
敵,没落
敵,滅亡
敵,壊滅
敵,荒廃
敵,仇
敵,疲弊
敵,破滅
敵,敵人
敵,敵軍
ため,利巧
ため,利益
ため,利得
ため,悧巧
ため,益
ため,利益
ため,目的
遠く,遠方
遠く,碧落
遠く,かなり離れた場所
必要,やむを得ず
必要,余業なく
必要,已むを得ず
必要,止むを得ず
必要,余儀なく
草原,牧草地
草原,牧野
草原,牧場
草原,放牧地
草原,牧地
草原,牧草地
草原,ステップ
生活,生きて行く
生活,食う
生活,生きる
生活,食べる
生活,過す
生活,活きる
生活,遣って行く
生活,生きる
生活,暮らす
霊長類,霊長目
人類,ヒト
人類,人
人類,人間
祖先,先祖
祖先,人祖
祖先,太祖
祖先,祖
祖先,高祖
祖先,先祖
祖先,始祖
祖先,ルーツ
人類,ヒト
人類,人
人類,人間
祖先,先祖
祖先,人祖
祖先,太祖
祖先,祖
祖先,高祖
祖先,先祖
祖先,始祖
祖先,ルーツ
サル,類人猿
サル,エテ公
サル,猿公
サル,山猿
サル,猿
サル,猿猴
明らか,端的
明らか,昭然たる
明らか,歴然たる
明らか,判然たる
明らか,章々たる
明らか,灼然たる
明らか,定か
明らか,歴然たる
明らか,慥か
明らか,著明
明らか,歴然たる
明らか,隠れ無い
明らか,著明
明らか,隠れない
明らか,照照たる
明らか,昭然たる
明らか,定か
明らか,歴然たる
明らか,クリアー
明らか,慥か
明らか,端的
明らか,灼然たる
明らか,昭然たる
明らか,定か
明らか,歴然たる
明らか,灼然たる
明らか,歴然たる
明らか,当然
明らか,章々たる
明らか,著明
明らか,昭然たる
明らか,判然たる
明らか,鮮明
明らか,現然たる
明らか,明瞭
明らか,端的
明らか,定か
明らか,クリアー
明らか,明晰
明らか,クリア
明らか,確然たる
明らか,定か
明らか,慥か
明らか,明白
明らか,確実
明らか,読みやすい
明らか,端的
明らか,灼然たる
明らか,昭然たる
明らか,定か
明らか,明白
明らか,灼然たる
明らか,昭然たる
明らか,審らか
明らか,定か
明らか,歴然たる
明らか,明るい
明らか,何の変哲もない
明らか,プレイン
明らか,質素
明らか,歴然たる
明らか,素朴
道,途
道,道筋
道,途方
道,仕様
道,経路
道,通路
道,途
道,道筋
道,コース
道,ライン
道,通路
道,道筋
道,コース
道,通道
道,通り路
道,途
道,ライン
道,行路
道,ロード
道,小路
道,ライン
道,伝達ルート
道,経路
道,ルート
道,回線
道,途
道,路次
道,旅程
道,道途
道,道塗
自由,暇
自由,おおざっぱ
自由,暇
自由,自由回答方式の
自由,大まか
自由,暇
自由,随意
自由,フリー
自由,任意
前足,前肢
前足,前脚
手,腕
手,アーム
手,かいな
手,筆蹟
手,筆致
手,手跡
手,肉筆
手,手書き
手,行動
手,動き
手,アクション
手,ハンド
手,御手手
手,お手て
手,お手手
手,お手々
手,手札
手,流儀
手,遣り口
手,仕様
手,筆法
手,スタイル
手,把っ手
手,手持部分
手,掴み
手,取っ手
手,取所
手,人手
手,せん術
手,筋道
手,遣り口
手,手口
手,途方
今,丁度
今,ついさっき
今,今にして
今,今や
今,今では
今,今では
今,この節
今,此の程
今,此の節
今,丁度
今,たった今
今,ただ今
今,ちょうど
今,ついさっき
今,この時
今,さし向き
今,さしあたって
今,現在
今,今や
今,差し当たって
百,１００
万,一万
年,高齢
年,老い
年,老年
年,老年期
年,老齢
年,年頃
年,齢
年,年令
年,年齢
年,歳
年,歳次
年,年中
年,年度
年,年間
年,年歳
年,齢
年,年歯
年,馬齢
年,年算
年,年歳
前,前部
前,表
前,フロント
前,表がわ
前,前っ面
前,そば
前,目の前
前,お前
前,面前
前,御前
前,前部
前,フロント
前,前っ面
前,前面
道具,爪牙
道具,走狗
道具,手先
道具,先棒
道具,御先棒
道具,具
道具,手段
道具,ツール
道具,機器
道具,器具
道具,装置
道具,ツール
道具,具
道具,物の具
道具,器財
道具,器械
道具,器具
道具,機器
道具,装備
道具,機材
道具,機具
道具,備品
始まり,起首
始まり,幕開き
始まり,出出し
始まり,出々し
始まり,幕開
始まり,滑出し
始まり,出出し
始まり,篇首
始まり,出々し
始まり,始り
始まり,滑出し
始まり,幕開き
始まり,取付
始まり,出出し
始まり,発足
始まり,滑出し
始まり,第一歩
始まり,出出し
始まり,入
始まり,出々し
始まり,根元
始まり,起首
始まり,幕開き
始まり,出出し
始まり,出々し
五十,五十路
五十,五拾
前,前部
前,表
前,フロント
前,表がわ
前,前っ面
前,そば
前,目の前
前,お前
前,面前
前,御前
前,前部
前,フロント
前,前っ面
前,前面
火,火難
火,火事
火,火災
火,燃焼
火,回禄
火,ファイア
火,炎
火,火炎
火,ファイア
火,炎
火,焔
火,炎
火,暖炉
火,焔
生活,生きて行く
生活,食う
生活,生きる
生活,食べる
生活,過す
生活,活きる
生活,遣って行く
生活,生きる
生活,暮らす
その後,しかる後
その後,その時から
その後,然る後
出現,表われる
出現,表れる
出現,見える
出現,発生
出現,現われる
出現,表われる
出現,表れる
出現,現われ出る
出現,顕れる
出現,現われる
出現,立ち現われる
出現,立ちあらわれる
出現,顕れる
出現,現われる
出現,立ち現れる
出現,現われる
出現,顕われる
出現,現れる
出現,出る
出現,表われる
出現,立ち現われる
出現,立ちあらわれる
出現,表れる
出現,現われ出る
出現,見える所に現れる
旧人,古兵
旧人,老練家
旧人,老巧
旧人,ベテラン
旧人,練れ者
ネアンデルタール人,ネアンデルタール
死者,昔人
死者,亡き人
死者,枯骨
死者,物故者
死者,亡者
死者,亡き人
死者,亡者
死者,彼方者
死者,死びと
死者,故人
埋葬,埋める
埋葬,葬る
習慣,流儀
習慣,因習
習慣,格例
習慣,風儀
習慣,旧習
習慣,耽溺
習慣,依存癖
習慣,嗜癖
習慣,耽溺性
習慣,習慣性
習慣,修練
習慣,練習
習慣,実習
習慣,実践
習慣,慣れ
習慣,パターン
習慣,風儀
習慣,常習
習慣,お定まり
習慣,習わし
習慣,因習
習慣,風儀
習慣,仕来たり
習慣,為来たり
習慣,仕来り
習慣,因習
習慣,言習し
習慣,旧習
習慣,式例
習慣,仕来たり
習慣,習わし
習慣,癖
習慣,因習
習慣,旧習
習慣,仕来たり
習慣,為来たり
習慣,仕来り
習慣,決り
習慣,因習
習慣,決まり
習慣,習わし
習慣,風習
習慣,決り
習慣,仕来たり
習慣,為来たり
習慣,仕来り
習慣,決まり
万,一万
年,高齢
年,老い
年,老年
年,老年期
年,老齢
年,年頃
年,齢
年,年令
年,年齢
年,歳
年,歳次
年,年中
年,年度
年,年間
年,年歳
年,齢
年,年歯
年,馬齢
年,年算
年,年歳
前,前部
前,表
前,フロント
前,表がわ
前,前っ面
前,そば
前,目の前
前,お前
前,面前
前,御前
前,前部
前,フロント
前,前っ面
前,前面
生活,生きて行く
生活,食う
生活,生きる
生活,食べる
生活,過す
生活,活きる
生活,遣って行く
生活,生きる
生活,暮らす
新人,新来
新人,新参者
新人,新来者
新人,フレッシュマン
新人,フレッシャー
現在,ただ今
現在,只今
現在,唯今
現在,さし向き
現在,さしあたって
現在,今や
現在,差し当たって
現在,差向き
人類,ヒト
人類,人
人類,人間
姿,風格
姿,佇い
姿,風柄
姿,佇
姿,佇まい
姿,面様
姿,面構
姿,面構え
姿,見附き
姿,身なり
姿,風姿
姿,風付き
姿,相好
姿,形振り
姿,身なり
姿,姿態
姿,容態
姿,形姿
姿,シェープ
姿,形様
姿,仮相
姿,風情
姿,見え
姿,身なり
姿,体貌
言葉,子なる神
言葉,ロゴス
言葉,キリスト
言葉,子
言葉,子なるキリスト
言葉,単語
言葉,辞
言葉,語
言葉,ワード
言葉,自然言語
言葉,台詞
言葉,科白
言葉,台辞
言葉,口舌
言葉,口説
言葉,文言
言葉,口
言葉,辞
言葉,詞
言葉,口舌
言葉,言いまわし
言葉,ディクション
言葉,単語の選択
言葉,言葉遣
言葉,辞
言葉,口先
言葉,辞
言葉,言い方
言葉,詞
言葉,ラング
言葉,言語行動
言葉,弁
言葉,口演
言葉,辞
言葉,話すこと
言葉,口述
言葉,申立て
言葉,申し言
言葉,申し立て
言葉,言説
協力,協同
協力,協調
協力,連携
協力,和協
協力,戮力
狩り,ハント
狩り,狩猟
狩り,狩
狩り,猟
狩り,ハンティング
狩り,遊猟
狩り,狩猟
狩り,狩
狩り,猟
ナイフ,合口
ナイフ,匕首
ナイフ,どす
ナイフ,小刀
ナイフ,合い口
ナイフ,出刃
ナイフ,小刀
ナイフ,出刃包丁
ナイフ,包丁
ナイフ,庖丁
刀,段びら
刀,剣
刀,殺人刀
刀,刀剣
刀,段平
刀,剣
刀,サーブル
刀,サーベル
刀,軍刀
刀,剣
刀,サーブル
刀,サーベル
刀,軍刀
刀,合口
刀,ナイフ
刀,匕首
刀,どす
刀,小刀
彫刻,刻る
彫刻,彫り刻む
彫刻,彫抜く
彫刻,彫る
彫刻,彫り抜く
彫刻,彫る
彫刻,刻む
彫刻,彫物
彫刻,彫る
彫刻,彫り物
彫刻,刻みつける
彫刻,刻む
彫刻,彫り刻む
彫刻,彫る
彫刻,刻
彫刻,刻む
骨格,骨骼
骨格,躯体
骨格,フレーム
骨格,屋台骨
骨格,枠組み
骨格,骨骼
骨格,フレーム
骨格,屋台骨
骨格,枠組み
骨格,フレームワーク
骨格,骨骼
骨格,作成
骨格,枠組み
骨格,枠組
骨格,額縁
骨格,骨骼
骨格,骨幹
骨格,骨付
骨格,骨付き
骨格,骨組み
器,ボウル
器,鉢
器,器物
器,入れもの
器,容れもの
器,容れ物
器,コンテナー
器,器物
器,入物
器,入れ物
器,容器
器,槽
器,物入れ
器,器物
器,入れもの
器,容れもの
槍,鉾
槍,スピア
槍,真槍
槍,矛
槍,鑓
弓矢,弓馬
弓矢,兵甲
弓矢,戦闘
弓矢,弓箭
弓矢,戦い
弓矢,師旅
弓矢,軍立
弓矢,軍旅
弓矢,兵甲
弓矢,戦争
発明,捻出
発明,捻出す
発明,考案
発明,考え出す
発明,案出
集団,連中
集団,サークル
集団,仲間
集団,群れ
集団,グループ
集団,一叢
集団,固り
集団,人だかり
集団,叢り
集団,塊
集団,固り
集団,塊
集団,クラスター
集団,群れ
集団,塊まり
集団,人だかり
集団,団
集団,集まり
集団,群集
集団,人集
集団,集積物
集団,収集物
集団,集まり
集団,蓄積
集団,固まり
集団,マス
集団,塊
集団,勢揃え
集団,集塊
集団,団塊
狩り,ハント
狩り,狩猟
狩り,狩
狩り,猟
狩り,ハンティング
狩り,遊猟
狩り,狩猟
狩り,狩
狩り,猟
わな,謀略
わな,落し穴
わな,落穴
わな,網
わな,罠
わな,罠
わな,トラップ
わな,羂
わな,謀略
わな,詭謀
わな,仕掛け
わな,細工
わな,たくらみ
わな,謀略
わな,計謀
わな,詭謀
わな,マヌーバー
わな,詐術
シカ,鹿
シカ,牡鹿
巨大,でかい
巨大,極大
巨大,どでかい
巨大,でっかい
巨大,ど偉い
巨大,物すごい
巨大,極大
巨大,おっきい
巨大,とてつもない
巨大,でかい
巨大,極大
巨大,著大
巨大,鴻大
巨大,でっかい
獲物,分捕り物
獲物,腐り金
獲物,分捕り
獲物,腐れ金
獲物,強奪物
獲物,かっこうの的
獲物,標的
獲物,的
獲物,えじき
獲物,食い物
獲物,狩猟鳥獣
獲物,猟獣
獲物,被食者
獲物,仕留められた獲物
獲物,餌食
今,丁度
今,ついさっき
今,今にして
今,今や
今,今では
今,今では
今,この節
今,此の程
今,此の節
今,丁度
今,たった今
今,ただ今
今,ちょうど
今,ついさっき
今,この時
今,さし向き
今,さしあたって
今,現在
今,今や
今,差し当たって
狩り,ハント
狩り,狩猟
狩り,狩
狩り,猟
狩り,ハンティング
狩り,遊猟
狩り,狩猟
狩り,狩
狩り,猟
成功,栄える
成功,繁栄
成功,振るう
成功,興隆
成功,開花
成功,栄える
成功,繁栄
成功,振るう
成功,興隆
成功,盛る
成功,成る
成功,奏功
動物,四つ脚
動物,毛の荒物
動物,獣畜
動物,4つ脚
動物,アニマル
絵,図面
絵,図案
絵,図画
絵,画
絵,図絵
絵,画像
絵,動画
絵,映像
絵,図面
絵,図解
絵,挿し画
絵,イラスト
絵,画像
東側,東部
環境,前後関係
環境,コンテクスト
環境,状況
環境,背景
環境,コンテキスト
環境,生態
環境,周囲
環境,外囲
環境,事情
環境,情況
環境,状況
人類,ヒト
人類,人
人類,人間
祖先,先祖
祖先,人祖
祖先,太祖
祖先,祖
祖先,高祖
祖先,先祖
祖先,始祖
祖先,ルーツ
西側,西部
食料,時刻表
食料,料理
食料,テーブル
食料,食事
食料,膳
豊富,豊か
豊富,多量
豊富,豊満
豊富,たくさん
豊富,豊饒
豊富,豊
豊富,豊か
豊富,豊か
豊富,豊潤
豊富,十分
豊富,充分
豊富,潤沢
豊富,富祐
豊富,富饒
豊富,肥沃
豊富,豊饒
豊富,豊か
豊富,十分
豊富,たくさん
豊富,可也
豊富,大形
豊富,可成
豊富,十分
豊富,充分
豊富,豊か
豊富,ふんだん
中,内側
中,内辺
中,内
中,内方
中,内部
中,椎体
中,中ごろ
中,中間
中,中間点
中,最中
中,胴中
中,十人並
中,凡愚
中,中位
中,中分
中,平凡
中,まっ只中
中,直中
中,真っただ中
中,真只中
中,真っただなか
霊長類,霊長目
現在,ただ今
現在,只今
現在,唯今
現在,さし向き
現在,さしあたって
現在,今や
現在,差し当たって
現在,差向き
姿,風格
姿,佇い
姿,風柄
姿,佇
姿,佇まい
姿,面様
姿,面構
姿,面構え
姿,見附き
姿,身なり
姿,風姿
姿,風付き
姿,相好
姿,形振り
姿,身なり
姿,姿態
姿,容態
姿,形姿
姿,シェープ
姿,形様
姿,仮相
姿,風情
姿,見え
姿,身なり
姿,体貌
ゴリラ,大猩々
ゴリラ,大猩猩
チンパンジー,黒猩々
チンパンジー,黒猩猩
人類,ヒト
人類,人
人類,人間
生物,生命
生物,生き物
生物,生物学
生物,バイオロジー
生物,生物科学
生物,生物相
生物,四つ脚
生物,毛の荒物
生物,獣畜
生物,4つ脚
生物,アニマル
生物,生き物
生物,生活体
生物,生体
生物,有機体
類人猿,人類猿
類人猿,サル
人間,人格者
人間,人
人間,人称
人間,者
人間,方
人間,個人
人間,人
人間,男の人
人間,人
人間,男
人間,万物の霊長
人間,人格者
人間,人
人間,人称
人間,者
人間,方
人間,人類
人間,ヒト
人間,人
人間,男の人
人間,人
人間,男
人間,万物の霊長
人間,ヒト属
人間,ヒト
人間,人
人間,ホモ
人間,ヒト
人間,人
木,成木
木,ツリー
木,天然木
木,高木
木,樹
木,樹形図
サル,類人猿
サル,エテ公
サル,猿公
サル,山猿
サル,猿
サル,猿猴
今,丁度
今,ついさっき
今,今にして
今,今や
今,今では
今,今では
今,この節
今,此の程
今,此の節
今,丁度
今,たった今
今,ただ今
今,ちょうど
今,ついさっき
今,この時
今,さし向き
今,さしあたって
今,現在
今,今や
今,差し当たって
昔,古
昔,旧時
昔,過ぎ来し方
昔,往日
昔,こし方
昔,過去
時代,時世
時代,世紀
時代,代
時代,時
時代,折り
時代,とき
時代,時期
時代,タイム
時代,現代世界
時代,現在
時代,最近
時代,現代
時代,世紀
時代,世
時代,劃期
時代,エージ
時代,時世
時代,年代
時代,年紀
時代,時世
時代,日
時代,時期
時代,期間
時代,世紀
時代,エポック
時代,年代
時代,ピリオド
時代,年代
時代,会期
時代,スパン
時代,時期
公園,パーク
公園,パーク
公園,園地
公園,庭園
公園,緑地
公園,園生
木,成木
木,ツリー
木,天然木
木,高木
木,樹
木,樹形図
木,成木
木,ツリー
木,天然木
木,高木
木,樹
木,樹形図
六,６
六,６つ
六,半ダース
六,六つ
六,陸
千,阡
千,一千
五,５
百,１００
万,一万
年,高齢
年,老い
年,老年
年,老年期
年,老齢
年,年頃
年,齢
年,年令
年,年齢
年,歳
年,歳次
年,年中
年,年度
年,年間
年,年歳
年,齢
年,年歯
年,馬齢
年,年算
年,年歳
前,前部
前,表
前,フロント
前,表がわ
前,前っ面
前,そば
前,目の前
前,お前
前,面前
前,御前
前,前部
前,フロント
前,前っ面
前,前面
絶滅,断滅
絶滅,滅び尽きる
絶滅,絶家
絶滅,滅絶
絶滅,滅びつきる
絶滅,消去
絶滅,除却
絶滅,取去る
絶滅,取りのぞく
絶滅,なくす
急速,速やか
急速,急激
急速,迅速
急速,飛躍的
急速,速い
急速,速やか
急速,手早
急速,急激
急速,迅速
急速,手っ取り早い
繁栄,栄える
繁栄,振るう
繁栄,興隆
繁栄,開花
繁栄,盛る
繁栄,栄える
繁栄,振るう
繁栄,興隆
繁栄,盛る
繁栄,賑わう
最初,元元
最初,初めに
最初,固より
最初,最初に
最初,元より
最初,はじめに
今,丁度
今,ついさっき
今,今にして
今,今や
今,今では
今,今では
今,この節
今,此の程
今,此の節
今,丁度
今,たった今
今,ただ今
今,ちょうど
今,ついさっき
今,この時
今,さし向き
今,さしあたって
今,現在
今,今や
今,差し当たって
ネズミ,鼠
ネズミ,ラット
体温,血温
体温,温度
体温,熱度
体温,気温
一定,明暮
一定,極まって
一定,つねづね
一定,常々
一定,いつも
体,エア
体,風情
体,天空
体,エアー
体,空気
体,姿態
体,花柱
体,風格
体,調子
体,スタイル
体,骨身
体,ししむら
体,五体
体,身
体,肉塊
体,姿態
体,風格
体,調子
体,スタイル
体,体裁
体,仮相
体,風情
体,見え
体,身なり
体,体貌
体,形式
体,恰好
体,格好
体,表し方
体,体裁
体,姿態
体,風格
体,調子
体,スタイル
体,体裁
中,内側
中,内辺
中,内
中,内方
中,内部
中,椎体
中,中ごろ
中,中間
中,中間点
中,最中
中,胴中
中,十人並
中,凡愚
中,中位
中,中分
中,平凡
中,まっ只中
中,直中
中,真っただ中
中,真只中
中,真っただなか
いろいろ,盛沢山
いろいろ,多種多様
いろいろ,種々雑多
いろいろ,さまざま
いろいろ,取々
いろいろ,多種多様
いろいろ,千差万別
いろいろ,色取り取り
いろいろ,さまざま
いろいろ,区区たる
いろいろ,多種多様
いろいろ,さまざま
いろいろ,種種
いろいろ,色々
いろいろ,様々
環境,前後関係
環境,コンテクスト
環境,状況
環境,背景
環境,コンテキスト
環境,生態
環境,周囲
環境,外囲
環境,事情
環境,情況
環境,状況
多く,屡屡
多く,大きに
多く,再再
多く,往往
多く,屡々
多く,通じて
多く,大抵
多く,たいてい
多く,ほぼ
多く,ほとんど
多く,往往
多く,大抵
多く,往々
多く,山山
多く,うんと
多く,たくさん
多く,聢り
多く,豊富
種類,銘柄
種類,ジャンル
種類,型
種類,タイプ
種類,類い
種類,類型
種類,型
種類,類
種類,品種
種類,タイプ
種類,ジャンル
種類,タイプ
種類,類型
種類,型
種類,種
種類,種別
種類,カテゴリ
種類,クラス
種類,種目
種類,範疇
種類,タイプ
種類,型
種類,カテゴリ
種類,範疇
種類,部類
種類,カテゴリー
種類,部門
種類,品種
種類,ジャンル
種類,類概念
種類,部類
種類,類
サル,類人猿
サル,エテ公
サル,猿公
サル,山猿
サル,猿
サル,猿猴
仲間,連中
仲間,集団
仲間,サークル
仲間,群れ
仲間,グループ
仲間,相棒
仲間,フレンド
仲間,朋友
仲間,馴じみ
仲間,味方
仲間,身方
仲間,味方
仲間,身方
仲間,同朋
仲間,同種
仲間,同類
仲間,成員
仲間,メンバー
仲間,会員
仲間,相棒
仲間,棒組
仲間,片棒
仲間,共同作業者
仲間,つれ合い
仲間,相棒
仲間,茶飲み友達
仲間,茶飲友達
仲間,茶飲み友だち
仲間,茶飲み仲間
仲間,僚
仲間,交友
仲間,お供
仲間,連れ
仲間,相手
仲間,片方
仲間,同人
仲間,同士
仲間,友だち
仲間,友達
仲間,輩
仲間,同僚
仲間,同輩
仲間,同等の人
仲間,一門
仲間,ファミリー
仲間,連中
仲間,徒党
仲間,群れ
仲間,一党
仲間,徒
仲間,相識
仲間,知己
仲間,お近づき
仲間,御近付き
仲間,御近付
仲間,成員
仲間,メンバ
仲間,一員
仲間,メンバー
仲間,１員
仲間,常連
仲間,侶伴
仲間,同士
仲間,定連
霊長類,霊長目
さまざま,様々
さまざま,多様
さまざま,種々
さまざま,様様
さまざま,様々
さまざま,多方面
さまざま,盛沢山
さまざま,多種多様
さまざま,種々雑多
さまざま,取々
さまざま,種種
さまざま,多種多様
さまざま,千差万別
さまざま,色取り取り
さまざま,区区たる
さまざま,種種
さまざま,多種多様
さまざま,種種
さまざま,色々
さまざま,様々
さまざま,いろいろ
進化,開ける
進化,成長
進化,開展
進化,育つ
進化,振興
中,内側
中,内辺
中,内
中,内方
中,内部
中,椎体
中,中ごろ
中,中間
中,中間点
中,最中
中,胴中
中,十人並
中,凡愚
中,中位
中,中分
中,平凡
中,まっ只中
中,直中
中,真っただ中
中,真只中
中,真っただなか
森,樹林
森,林地
森,ラフォーレ
森,森林地
森,森林地帯
森,樹林
森,林地
森,林
森,森林
中,内側
中,内辺
中,内
中,内方
中,内部
中,椎体
中,中ごろ
中,中間
中,中間点
中,最中
中,胴中
中,十人並
中,凡愚
中,中位
中,中分
中,平凡
中,まっ只中
中,直中
中,真っただ中
中,真只中
中,真っただなか
霊長類,霊長目
人類,ヒト
人類,人
人類,人間
祖先,先祖
祖先,人祖
祖先,太祖
祖先,祖
祖先,高祖
祖先,先祖
祖先,始祖
祖先,ルーツ
一日,太陽日
一日,平均太陽日
一日,日
木,成木
木,ツリー
木,天然木
木,高木
木,樹
木,樹形図
木,成木
木,ツリー
木,天然木
木,高木
木,樹
木,樹形図
食料,時刻表
食料,料理
食料,テーブル
食料,食事
食料,膳
たくさん,多量
たくさん,豊満
たくさん,豊饒
たくさん,豊
たくさん,数多
たくさん,十分
たくさん,可也
たくさん,大形
たくさん,可成
たくさん,充分
たくさん,多い
たくさん,仰山
たくさん,ぎょうさん
たくさん,沢山
たくさん,大量
身,骨身
身,ししむら
身,五体
身,肉塊
身,躯体
都合,もうける
都合,図らう
都合,計らう
都合,按排
都合,配す
都合,捻出す
都合,募る
都合,調達
都合,融通
都合,貸す
都合,貸し出す
都合,貸しつける
都合,貸してあげる
場所,敷地
場所,敷き地
場所,料地
場所,サイト
場所,立地
場所,プレイス
場所,プレース
場所,プレイス
場所,スポット
場所,所
場所,ポイント
場所,箇所
場所,位置
場所,スポット
場所,所
場所,箇所
場所,個所
場所,場
場所,プレイス
場所,所
場所,所在
場所,位置
場所,ところ
場所,所
場所,位置
場所,ロケーション
場所,場
場所,地点
場所,ポイント
場所,箇所
場所,点
場所,地点
場所,所
場所,位置
場所,空間的関係
場所,ポジション
森,樹林
森,林地
森,ラフォーレ
森,森林地
森,森林地帯
森,樹林
森,林地
森,林
森,森林
木,成木
木,ツリー
木,天然木
木,高木
木,樹
木,樹形図
霊長類,霊長目
人類,ヒト
人類,人
人類,人間
祖先,先祖
祖先,人祖
祖先,太祖
祖先,祖
祖先,高祖
祖先,先祖
祖先,始祖
祖先,ルーツ
進化,開ける
進化,成長
進化,開展
進化,育つ
進化,振興
説,理屈
説,理窟
説,理論
説,理くつ
説,セオリー
説,理論
説,原理
説,学説
説,体系
説,セオリー
火山,噴火山
活発,はつらつたる
活発,溌溂たる
活発,敏活
活発,快活
活発,躍然たる
活発,はつらつたる
活発,朗らか
活発,溌溂たる
活発,敏活
活発,快活
活発,盛ん
活発,精力的
活発,元気
活発,壮
活発,盛ん
活発,精強
活発,精力的
活発,エネルギッシュ
活発,生々たる
活発,生き生きした
活発,生生たる
活発,活溌
活発,アクティヴ
活発,アクチブ
活発,積極的
活発,行動的
活発,能動的
活発,陽気
活発,盛ん
活発,御盛ん
活発,精力的
活発,お盛
活発,積極的
活発,熱い
活動,ムーヴィー
活動,フィルム
活動,電影
活動,シネマ
活動,フイルム
活動,自然作用
活動,作用
活動,営み
活動,働き
活動,ナチュラルプロセス
活動,行ない
活動,営み
活動,行動
活動,行い
活動,アクト
活動,アクティビティー
活動,アクティヴィティー
活動,アクティビティ
活動,ムーヴィー
活動,フィルム
活動,電影
活動,シネマ
活動,ムービー
地震,衝撃
地震,震動
地震,アースクェイク
地震,脈動
形成,形づくる
形成,形作る
形成,成形
形成,形づくる
形成,形造る
形成,形作る
形成,成型
形成,成形
形成,オーガナイズ
形成,もうける
形成,設立
形成,組織
形成,オルガナイズ
形成,形づくる
形成,形造る
形成,左右する
形成,規定
形成,決める
形成,形造る
形成,なる
形成,形作る
形成,生成
形成,造出す
標高,海抜
標高,alt
標高,隆起
標高,高台
標高,上昇
山脈,連峰
山脈,群峰
山脈,山岳地帯
山脈,山なみ
山脈,山並み
東側,東部
乾燥,かわき切る
乾燥,干る
乾燥,乾る
乾燥,乾く
乾燥,悴せる
乾燥,乾かす
乾燥,乾す
乾燥,脱水
場所,敷地
場所,敷き地
場所,料地
場所,サイト
場所,立地
場所,プレイス
場所,プレース
場所,プレイス
場所,スポット
場所,所
場所,ポイント
場所,箇所
場所,位置
場所,スポット
場所,所
場所,箇所
場所,個所
場所,場
場所,プレイス
場所,所
場所,所在
場所,位置
場所,ところ
場所,所
場所,位置
場所,ロケーション
場所,場
場所,地点
場所,ポイント
場所,箇所
場所,点
場所,地点
場所,所
場所,位置
場所,空間的関係
場所,ポジション
草原,牧草地
草原,牧野
草原,牧場
草原,放牧地
草原,牧地
草原,牧草地
草原,ステップ
草原,牧草地
草原,牧野
草原,牧場
草原,放牧地
草原,牧地
草原,牧草地
草原,ステップ
ため,利巧
ため,利益
ため,利得
ため,悧巧
ため,益
ため,利益
ため,目的
霊長類,霊長目
木,成木
木,ツリー
木,天然木
木,高木
木,樹
木,樹形図
豊か,豊富
豊か,多量
豊か,豊満
豊か,たくさん
豊か,豊饒
豊か,豊
豊か,豊富
豊か,豊富
豊か,豊潤
豊か,富祐
豊か,富饒
豊か,肥沃
豊か,豊饒
豊か,豊富
豊か,鷹揚
豊か,でかい
豊か,大把
豊か,おっきい
豊か,溶々たる
豊か,でかい
豊か,おっきい
豊か,豊
豊か,大きい
豊か,でっかい
豊か,肥沃
豊か,豊饒
豊か,豊
豊か,豊沃
豊か,十分
豊か,充分
豊か,豊富
豊か,ふんだん
森,樹林
森,林地
森,ラフォーレ
森,森林地
森,森林地帯
森,樹林
森,林地
森,林
森,森林
草原,牧草地
草原,牧野
草原,牧場
草原,放牧地
草原,牧地
草原,牧草地
草原,ステップ
食料,時刻表
食料,料理
食料,テーブル
食料,食事
食料,膳
危険,剣呑
危険,危ない
危険,やばい
危険,危い
危険,危うい
危険,危ない
危険,重大
危険,深刻
危険,やばい
危険,危い
危険,投機的
危険,悪い
危険,危ない
危険,剣呑
危険,やばい
危険,危い
危険,危うい
獲物,分捕り物
獲物,腐り金
獲物,分捕り
獲物,腐れ金
獲物,強奪物
獲物,かっこうの的
獲物,標的
獲物,的
獲物,えじき
獲物,食い物
獲物,狩猟鳥獣
獲物,猟獣
獲物,被食者
獲物,仕留められた獲物
獲物,餌食
敵,競争相手
敵,敵人
敵,挑戦者
敵,対敵
敵,ライバル
敵,荒廃
敵,仇
敵,破滅
敵,没落
敵,滅亡
敵,仇
敵,不和
敵,敵人
敵,仇
敵,対敵
敵,敵さん
敵,仇敵
敵,競争相手
敵,敵人
敵,対敵
敵,相手
敵,対抗馬
敵,敵人
敵,よせ手
敵,寄せ手
敵,対敵
敵,敵兵
敵,敵人
敵,対敵
敵,反対者
敵,敵手
敵,敵対者
敵,仇
敵,反対者
敵,仇同氏
敵,エネミー
敵,荒廃
敵,仇
敵,破滅
敵,没落
敵,滅亡
敵,壊滅
敵,荒廃
敵,仇
敵,疲弊
敵,破滅
敵,敵人
敵,敵軍
ため,利巧
ため,利益
ため,利得
ため,悧巧
ため,益
ため,利益
ため,目的
遠く,遠方
遠く,碧落
遠く,かなり離れた場所
必要,やむを得ず
必要,余業なく
必要,已むを得ず
必要,止むを得ず
必要,余儀なく
草原,牧草地
草原,牧野
草原,牧場
草原,放牧地
草原,牧地
草原,牧草地
草原,ステップ
生活,生きて行く
生活,食う
生活,生きる
生活,食べる
生活,過す
生活,活きる
生活,遣って行く
生活,生きる
生活,暮らす
霊長類,霊長目
人類,ヒト
人類,人
人類,人間
祖先,先祖
祖先,人祖
祖先,太祖
祖先,祖
祖先,高祖
祖先,先祖
祖先,始祖
祖先,ルーツ
人類,ヒト
人類,人
人類,人間
祖先,先祖
祖先,人祖
祖先,太祖
祖先,祖
祖先,高祖
祖先,先祖
祖先,始祖
祖先,ルーツ
サル,類人猿
サル,エテ公
サル,猿公
サル,山猿
サル,猿
サル,猿猴
明らか,端的
明らか,昭然たる
明らか,歴然たる
明らか,判然たる
明らか,章々たる
明らか,灼然たる
明らか,定か
明らか,歴然たる
明らか,慥か
明らか,著明
明らか,歴然たる
明らか,隠れ無い
明らか,著明
明らか,隠れない
明らか,照照たる
明らか,昭然たる
明らか,定か
明らか,歴然たる
明らか,クリアー
明らか,慥か
明らか,端的
明らか,灼然たる
明らか,昭然たる
明らか,定か
明らか,歴然たる
明らか,灼然たる
明らか,歴然たる
明らか,当然
明らか,章々たる
明らか,著明
明らか,昭然たる
明らか,判然たる
明らか,鮮明
明らか,現然たる
明らか,明瞭
明らか,端的
明らか,定か
明らか,クリアー
明らか,明晰
明らか,クリア
明らか,確然たる
明らか,定か
明らか,慥か
明らか,明白
明らか,確実
明らか,読みやすい
明らか,端的
明らか,灼然たる
明らか,昭然たる
明らか,定か
明らか,明白
明らか,灼然たる
明らか,昭然たる
明らか,審らか
明らか,定か
明らか,歴然たる
明らか,明るい
明らか,何の変哲もない
明らか,プレイン
明らか,質素
明らか,歴然たる
明らか,素朴
道,途
道,道筋
道,途方
道,仕様
道,経路
道,通路
道,途
道,道筋
道,コース
道,ライン
道,通路
道,道筋
道,コース
道,通道
道,通り路
道,途
道,ライン
道,行路
道,ロード
道,小路
道,ライン
道,伝達ルート
道,経路
道,ルート
道,回線
道,途
道,路次
道,旅程
道,道途
道,道塗
自由,暇
自由,おおざっぱ
自由,暇
自由,自由回答方式の
自由,大まか
自由,暇
自由,随意
自由,フリー
自由,任意
前足,前肢
前足,前脚
手,腕
手,アーム
手,かいな
手,筆蹟
手,筆致
手,手跡
手,肉筆
手,手書き
手,行動
手,動き
手,アクション
手,ハンド
手,御手手
手,お手て
手,お手手
手,お手々
手,手札
手,流儀
手,遣り口
手,仕様
手,筆法
手,スタイル
手,把っ手
手,手持部分
手,掴み
手,取っ手
手,取所
手,人手
手,せん術
手,筋道
手,遣り口
手,手口
手,途方
今,丁度
今,ついさっき
今,今にして
今,今や
今,今では
今,今では
今,この節
今,此の程
今,此の節
今,丁度
今,たった今
今,ただ今
今,ちょうど
今,ついさっき
今,この時
今,さし向き
今,さしあたって
今,現在
今,今や
今,差し当たって
百,１００
万,一万
年,高齢
年,老い
年,老年
年,老年期
年,老齢
年,年頃
年,齢
年,年令
年,年齢
年,歳
年,歳次
年,年中
年,年度
年,年間
年,年歳
年,齢
年,年歯
年,馬齢
年,年算
年,年歳
前,前部
前,表
前,フロント
前,表がわ
前,前っ面
前,そば
前,目の前
前,お前
前,面前
前,御前
前,前部
前,フロント
前,前っ面
前,前面
道具,爪牙
道具,走狗
道具,手先
道具,先棒
道具,御先棒
道具,具
道具,手段
道具,ツール
道具,機器
道具,器具
道具,装置
道具,ツール
道具,具
道具,物の具
道具,器財
道具,器械
道具,器具
道具,機器
道具,装備
道具,機材
道具,機具
道具,備品
始まり,起首
始まり,幕開き
始まり,出出し
始まり,出々し
始まり,幕開
始まり,滑出し
始まり,出出し
始まり,篇首
始まり,出々し
始まり,始り
始まり,滑出し
始まり,幕開き
始まり,取付
始まり,出出し
始まり,発足
始まり,滑出し
始まり,第一歩
始まり,出出し
始まり,入
始まり,出々し
始まり,根元
始まり,起首
始まり,幕開き
始まり,出出し
始まり,出々し
五十,五十路
五十,五拾
前,前部
前,表
前,フロント
前,表がわ
前,前っ面
前,そば
前,目の前
前,お前
前,面前
前,御前
前,前部
前,フロント
前,前っ面
前,前面
火,火難
火,火事
火,火災
火,燃焼
火,回禄
火,ファイア
火,炎
火,火炎
火,ファイア
火,炎
火,焔
火,炎
火,暖炉
火,焔
生活,生きて行く
生活,食う
生活,生きる
生活,食べる
生活,過す
生活,活きる
生活,遣って行く
生活,生きる
生活,暮らす
その後,しかる後
その後,その時から
その後,然る後
出現,表われる
出現,表れる
出現,見える
出現,発生
出現,現われる
出現,表われる
出現,表れる
出現,現われ出る
出現,顕れる
出現,現われる
出現,立ち現われる
出現,立ちあらわれる
出現,顕れる
出現,現われる
出現,立ち現れる
出現,現われる
出現,顕われる
出現,現れる
出現,出る
出現,表われる
出現,立ち現われる
出現,立ちあらわれる
出現,表れる
出現,現われ出る
出現,見える所に現れる
旧人,古兵
旧人,老練家
旧人,老巧
旧人,ベテラン
旧人,練れ者
ネアンデルタール人,ネアンデルタール
死者,昔人
死者,亡き人
死者,枯骨
死者,物故者
死者,亡者
死者,亡き人
死者,亡者
死者,彼方者
死者,死びと
死者,故人
埋葬,埋める
埋葬,葬る
習慣,流儀
習慣,因習
習慣,格例
習慣,風儀
習慣,旧習
習慣,耽溺
習慣,依存癖
習慣,嗜癖
習慣,耽溺性
習慣,習慣性
習慣,修練
習慣,練習
習慣,実習
習慣,実践
習慣,慣れ
習慣,パターン
習慣,風儀
習慣,常習
習慣,お定まり
習慣,習わし
習慣,因習
習慣,風儀
習慣,仕来たり
習慣,為来たり
習慣,仕来り
習慣,因習
習慣,言習し
習慣,旧習
習慣,式例
習慣,仕来たり
習慣,習わし
習慣,癖
習慣,因習
習慣,旧習
習慣,仕来たり
習慣,為来たり
習慣,仕来り
習慣,決り
習慣,因習
習慣,決まり
習慣,習わし
習慣,風習
習慣,決り
習慣,仕来たり
習慣,為来たり
習慣,仕来り
習慣,決まり
万,一万
年,高齢
年,老い
年,老年
年,老年期
年,老齢
年,年頃
年,齢
年,年令
年,年齢
年,歳
年,歳次
年,年中
年,年度
年,年間
年,年歳
年,齢
年,年歯
年,馬齢
年,年算
年,年歳
前,前部
前,表
前,フロント
前,表がわ
前,前っ面
前,そば
前,目の前
前,お前
前,面前
前,御前
前,前部
前,フロント
前,前っ面
前,前面
生活,生きて行く
生活,食う
生活,生きる
生活,食べる
生活,過す
生活,活きる
生活,遣って行く
生活,生きる
生活,暮らす
新人,新来
新人,新参者
新人,新来者
新人,フレッシュマン
新人,フレッシャー
現在,ただ今
現在,只今
現在,唯今
現在,さし向き
現在,さしあたって
現在,今や
現在,差し当たって
現在,差向き
人類,ヒト
人類,人
人類,人間
姿,風格
姿,佇い
姿,風柄
姿,佇
姿,佇まい
姿,面様
姿,面構
姿,面構え
姿,見附き
姿,身なり
姿,風姿
姿,風付き
姿,相好
姿,形振り
姿,身なり
姿,姿態
姿,容態
姿,形姿
姿,シェープ
姿,形様
姿,仮相
姿,風情
姿,見え
姿,身なり
姿,体貌
言葉,子なる神
言葉,ロゴス
言葉,キリスト
言葉,子
言葉,子なるキリスト
言葉,単語
言葉,辞
言葉,語
言葉,ワード
言葉,自然言語
言葉,台詞
言葉,科白
言葉,台辞
言葉,口舌
言葉,口説
言葉,文言
言葉,口
言葉,辞
言葉,詞
言葉,口舌
言葉,言いまわし
言葉,ディクション
言葉,単語の選択
言葉,言葉遣
言葉,辞
言葉,口先
言葉,辞
言葉,言い方
言葉,詞
言葉,ラング
言葉,言語行動
言葉,弁
言葉,口演
言葉,辞
言葉,話すこと
言葉,口述
言葉,申立て
言葉,申し言
言葉,申し立て
言葉,言説
協力,協同
協力,協調
協力,連携
協力,和協
協力,戮力
狩り,ハント
狩り,狩猟
狩り,狩
狩り,猟
狩り,ハンティング
狩り,遊猟
狩り,狩猟
狩り,狩
狩り,猟
ナイフ,合口
ナイフ,匕首
ナイフ,どす
ナイフ,小刀
ナイフ,合い口
ナイフ,出刃
ナイフ,小刀
ナイフ,出刃包丁
ナイフ,包丁
ナイフ,庖丁
刀,段びら
刀,剣
刀,殺人刀
刀,刀剣
刀,段平
刀,剣
刀,サーブル
刀,サーベル
刀,軍刀
刀,剣
刀,サーブル
刀,サーベル
刀,軍刀
刀,合口
刀,ナイフ
刀,匕首
刀,どす
刀,小刀
彫刻,刻る
彫刻,彫り刻む
彫刻,彫抜く
彫刻,彫る
彫刻,彫り抜く
彫刻,彫る
彫刻,刻む
彫刻,彫物
彫刻,彫る
彫刻,彫り物
彫刻,刻みつける
彫刻,刻む
彫刻,彫り刻む
彫刻,彫る
彫刻,刻
彫刻,刻む
骨格,骨骼
骨格,躯体
骨格,フレーム
骨格,屋台骨
骨格,枠組み
骨格,骨骼
骨格,フレーム
骨格,屋台骨
骨格,枠組み
骨格,フレームワーク
骨格,骨骼
骨格,作成
骨格,枠組み
骨格,枠組
骨格,額縁
骨格,骨骼
骨格,骨幹
骨格,骨付
骨格,骨付き
骨格,骨組み
器,ボウル
器,鉢
器,器物
器,入れもの
器,容れもの
器,容れ物
器,コンテナー
器,器物
器,入物
器,入れ物
器,容器
器,槽
器,物入れ
器,器物
器,入れもの
器,容れもの
槍,鉾
槍,スピア
槍,真槍
槍,矛
槍,鑓
弓矢,弓馬
弓矢,兵甲
弓矢,戦闘
弓矢,弓箭
弓矢,戦い
弓矢,師旅
弓矢,軍立
弓矢,軍旅
弓矢,兵甲
弓矢,戦争
発明,捻出
発明,捻出す
発明,考案
発明,考え出す
発明,案出
集団,連中
集団,サークル
集団,仲間
集団,群れ
集団,グループ
集団,一叢
集団,固り
集団,人だかり
集団,叢り
集団,塊
集団,固り
集団,塊
集団,クラスター
集団,群れ
集団,塊まり
集団,人だかり
集団,団
集団,集まり
集団,群集
集団,人集
集団,集積物
集団,収集物
集団,集まり
集団,蓄積
集団,固まり
集団,マス
集団,塊
集団,勢揃え
集団,集塊
集団,団塊
狩り,ハント
狩り,狩猟
狩り,狩
狩り,猟
狩り,ハンティング
狩り,遊猟
狩り,狩猟
狩り,狩
狩り,猟
わな,謀略
わな,落し穴
わな,落穴
わな,網
わな,罠
わな,罠
わな,トラップ
わな,羂
わな,謀略
わな,詭謀
わな,仕掛け
わな,細工
わな,たくらみ
わな,謀略
わな,計謀
わな,詭謀
わな,マヌーバー
わな,詐術
シカ,鹿
シカ,牡鹿
巨大,でかい
巨大,極大
巨大,どでかい
巨大,でっかい
巨大,ど偉い
巨大,物すごい
巨大,極大
巨大,おっきい
巨大,とてつもない
巨大,でかい
巨大,極大
巨大,著大
巨大,鴻大
巨大,でっかい
獲物,分捕り物
獲物,腐り金
獲物,分捕り
獲物,腐れ金
獲物,強奪物
獲物,かっこうの的
獲物,標的
獲物,的
獲物,えじき
獲物,食い物
獲物,狩猟鳥獣
獲物,猟獣
獲物,被食者
獲物,仕留められた獲物
獲物,餌食
今,丁度
今,ついさっき
今,今にして
今,今や
今,今では
今,今では
今,この節
今,此の程
今,此の節
今,丁度
今,たった今
今,ただ今
今,ちょうど
今,ついさっき
今,この時
今,さし向き
今,さしあたって
今,現在
今,今や
今,差し当たって
狩り,ハント
狩り,狩猟
狩り,狩
狩り,猟
狩り,ハンティング
狩り,遊猟
狩り,狩猟
狩り,狩
狩り,猟
成功,栄える
成功,繁栄
成功,振るう
成功,興隆
成功,開花
成功,栄える
成功,繁栄
成功,振るう
成功,興隆
成功,盛る
成功,成る
成功,奏功
動物,四つ脚
動物,毛の荒物
動物,獣畜
動物,4つ脚
動物,アニマル
絵,図面
絵,図案
絵,図画
絵,画
絵,図絵
絵,画像
絵,動画
絵,映像
絵,図面
絵,図解
絵,挿し画
絵,イラスト
絵,画像
東側,東部
環境,前後関係
環境,コンテクスト
環境,状況
環境,背景
環境,コンテキスト
環境,生態
環境,周囲
環境,外囲
環境,事情
環境,情況
環境,状況
人類,ヒト
人類,人
人類,人間
祖先,先祖
祖先,人祖
祖先,太祖
祖先,祖
祖先,高祖
祖先,先祖
祖先,始祖
祖先,ルーツ
西側,西部
食料,時刻表
食料,料理
食料,テーブル
食料,食事
食料,膳
豊富,豊か
豊富,多量
豊富,豊満
豊富,たくさん
豊富,豊饒
豊富,豊
豊富,豊か
豊富,豊か
豊富,豊潤
豊富,十分
豊富,充分
豊富,潤沢
豊富,富祐
豊富,富饒
豊富,肥沃
豊富,豊饒
豊富,豊か
豊富,十分
豊富,たくさん
豊富,可也
豊富,大形
豊富,可成
豊富,十分
豊富,充分
豊富,豊か
豊富,ふんだん
中,内側
中,内辺
中,内
中,内方
中,内部
中,椎体
中,中ごろ
中,中間
中,中間点
中,最中
中,胴中
中,十人並
中,凡愚
中,中位
中,中分
中,平凡
中,まっ只中
中,直中
中,真っただ中
中,真只中
中,真っただなか
霊長類,霊長目
現在,ただ今
現在,只今
現在,唯今
現在,さし向き
現在,さしあたって
現在,今や
現在,差し当たって
現在,差向き
姿,風格
姿,佇い
姿,風柄
姿,佇
姿,佇まい
姿,面様
姿,面構
姿,面構え
姿,見附き
姿,身なり
姿,風姿
姿,風付き
姿,相好
姿,形振り
姿,身なり
姿,姿態
姿,容態
姿,形姿
姿,シェープ
姿,形様
姿,仮相
姿,風情
姿,見え
姿,身なり
姿,体貌
ゴリラ,大猩々
ゴリラ,大猩猩
チンパンジー,黒猩々
チンパンジー,黒猩猩
人類,ヒト
人類,人
人類,人間
生物,生命
生物,生き物
生物,生物学
生物,バイオロジー
生物,生物科学
生物,生物相
生物,四つ脚
生物,毛の荒物
生物,獣畜
生物,4つ脚
生物,アニマル
生物,生き物
生物,生活体
生物,生体
生物,有機体
類人猿,人類猿
類人猿,サル
人間,人格者
人間,人
人間,人称
人間,者
人間,方
人間,個人
人間,人
人間,男の人
人間,人
人間,男
人間,万物の霊長
人間,人格者
人間,人
人間,人称
人間,者
人間,方
人間,人類
人間,ヒト
人間,人
人間,男の人
人間,人
人間,男
人間,万物の霊長
人間,ヒト属
人間,ヒト
人間,人
人間,ホモ
人間,ヒト
人間,人
木,成木
木,ツリー
木,天然木
木,高木
木,樹
木,樹形図
サル,類人猿
サル,エテ公
サル,猿公
サル,山猿
サル,猿
サル,猿猴
今,丁度
今,ついさっき
今,今にして
今,今や
今,今では
今,今では
今,この節
今,此の程
今,此の節
今,丁度
今,たった今
今,ただ今
今,ちょうど
今,ついさっき
今,この時
今,さし向き
今,さしあたって
今,現在
今,今や
今,差し当たって
昔,古
昔,旧時
昔,過ぎ来し方
昔,往日
昔,こし方
昔,過去
時代,時世
時代,世紀
時代,代
時代,時
時代,折り
時代,とき
時代,時期
時代,タイム
時代,現代世界
時代,現在
時代,最近
時代,現代
時代,世紀
時代,世
時代,劃期
時代,エージ
時代,時世
時代,年代
時代,年紀
時代,時世
時代,日
時代,時期
時代,期間
時代,世紀
時代,エポック
時代,年代
時代,ピリオド
時代,年代
時代,会期
時代,スパン
時代,時期
公園,パーク
公園,パーク
公園,園地
公園,庭園
公園,緑地
公園,園生
木,成木
木,ツリー
木,天然木
木,高木
木,樹
木,樹形図
木,成木
木,ツリー
木,天然木
木,高木
木,樹
木,樹形図
恐,恐れ
恐,恐怖
恐,怖れ
恐,恐怖心
恐,気遣しさ
恐,気づかわしさ
恐,物思
恐,気苦労
恐,憂虞
恐,怖じけ
恐,虞
恐,もの恐ろしさ
恐,怖さ
恐,怖気
恐,鬼胎
恐,ホラー
恐,怖
恐,恐れ
恐,恐怖
恐,虞
恐,鬼胎
恐,懸念
恐,心配
恐,不安
竜,ドラゴン
竜,龍
竜,火竜
乳,乳房
乳,胸
乳,胸部
乳,乳ぶさ
乳,バスト
乳,乳汁
乳,市乳
乳,牛乳
乳,ミルク
乳,おっぱい
乳,乳汁
乳,牛乳
乳,ミルク
乳,乳汁
乳,おっぱい
乳,御乳
類,タイプ
類,類い
類,類型
類,型
類,種類
類,ジャンル
類,タイプ
類,類型
類,型
類,種
類,比
類,タイプ
類,類い
類,手合い
類,部類
類,ジャンル
類,類概念
類,部類
類,種類
急,ついと
急,つと
急,急激
急,颯と
急,つっと
急,ついと
急,つと
急,急激
急,俄に
急,行成り
急,俄に
急,行成り
急,不図
急,ふとして
急,突として
栄,誉
栄,誉れ
栄,栄光
栄,誉望
栄,栄誉
最,大きに
最,いとも
最,痛も
最,余っ程
最,ぐんと
最,大分
最,大きに
最,いとも
最,尠からず
最,思い切り
最,至って
最,極々
最,いとも
最,殊の外
最,めきめき
最,ずんと
最,大きに
最,現に
最,よっぽど
最,いとも
最,極々
最,いとも
最,許多
最,痛も
最,世にも
初,たあいない
初,ナイーヴ
初,天真爛漫
初,純真
初,たわいない
初,こと新しい
初,目新しい
初,新奇
初,耳あたらしい
初,初々しげ
初,第一
乳,乳房
乳,胸
乳,胸部
乳,乳ぶさ
乳,バスト
乳,乳汁
乳,市乳
乳,牛乳
乳,ミルク
乳,おっぱい
乳,乳汁
乳,牛乳
乳,ミルク
乳,乳汁
乳,おっぱい
乳,御乳
類,タイプ
類,類い
類,類型
類,型
類,種類
類,ジャンル
類,タイプ
類,類型
類,型
類,種
類,比
類,タイプ
類,類い
類,手合い
類,部類
類,ジャンル
類,類概念
類,部類
類,種類
ミ,マイル
ミ,海里
ミ,ミシガン
乳,乳房
乳,胸
乳,胸部
乳,乳ぶさ
乳,バスト
乳,乳汁
乳,市乳
乳,牛乳
乳,ミルク
乳,おっぱい
乳,乳汁
乳,牛乳
乳,ミルク
乳,乳汁
乳,おっぱい
乳,御乳
類,タイプ
類,類い
類,類型
類,型
類,種類
類,ジャンル
類,タイプ
類,類型
類,型
類,種
類,比
類,タイプ
類,類い
類,手合い
類,部類
類,ジャンル
類,類概念
類,部類
類,種類
体,エア
体,風情
体,天空
体,エアー
体,空気
体,姿態
体,花柱
体,風格
体,調子
体,スタイル
体,骨身
体,ししむら
体,五体
体,身
体,肉塊
体,姿態
体,風格
体,調子
体,スタイル
体,体裁
体,仮相
体,風情
体,見え
体,身なり
体,体貌
体,形式
体,恰好
体,格好
体,表し方
体,体裁
体,姿態
体,風格
体,調子
体,スタイル
体,体裁
温,温か
温,ぬくい
温,暖かい
温,温い
温,生あたたかい
一,１
一,ワン
一,壱
一,もの
一,一つ
一,一個
一,壱
定,巡り合わせ
定,定め事
定,巡合
定,宿命
定,回り合せ
定,真成
定,事実
定,ほんま
定,真実の言明
定,真
定,堅さ
定,必然
定,確実性
定,固さ
定,確信
定,必然
持,ドロウ
持,五分
持,相こ
持,タイ
持,相討ち
環,円環
環,環形
環,輪形
環,リング
環,輪
環,銀輪
環,ホイール
環,車
環,車輪
環,輪
環,ループライン
環,ループ
環,輪
環,環状
環,輪っか
境,縁
境,ボーダーライン
境,境目
境,外辺部
境,ボーダー
境,地位
境,身分
境,位地
境,立場
境,ところ
境,バウンダリ
境,地境
境,リミット
境,境目
境,バウンド
多,多量
多,許多
多,多大
多,多分
多,数多
種,ジャンル
種,タイプ
種,類型
種,型
種,様式
種,穀粒
種,種子
種,種物
種,物種
種,実
種,種別
種,カテゴリ
種,クラス
種,種目
種,範疇
種,精液
種,材
種,材料
種,ねた
種,もと
種,元
種,種子
種,内果皮
種,果核
種,種子
種,実
類,タイプ
類,類い
類,類型
類,型
類,種類
類,ジャンル
類,タイプ
類,類型
類,型
類,種
類,比
類,タイプ
類,類い
類,手合い
類,部類
類,ジャンル
類,類概念
類,部類
類,種類
分,部分
分,パーツ
分,min
分,min
分,時間
分,h
仲,間がら
仲,縁
仲,掛りあい
仲,係り
仲,結びつき
仲,間がら
仲,中らい
仲,間柄
仲,仲合
仲,仲らい
間,休み
間,切れ間
間,休止
間,ひと休み
間,絶えま
間,結付き
間,縁
間,掛りあい
間,係り
間,引っ掛り
間,スパン
間,期間
間,時間
間,切れ間
間,距離
間,合間
間,インタバル
間,透き
間,区切目
間,休止
間,絶えま
間,途切
間,区ぎり
間,明き
間,透き間
間,余地
間,間隙
間,隙間
間,室
間,部屋
間,房室
間,御部屋
間,お部屋
間,透き間
間,間隙
間,隙間
間,すきま
間,透目
間,時
間,期間
間,時間
間,間がら
間,縁
間,掛りあい
間,係り
間,結びつき
間,隔たり
間,間隔
間,期間
間,時間
間,梁間
間,渡り間
間,径間
間,スパン
間,間隔
霊,肝ったま
霊,肝っ魂
霊,胆玉
霊,肝
霊,エスプリ
霊,悪霊
霊,幽霊
霊,化け物
霊,ゴースト
霊,お化け
霊,霊魂
霊,精
霊,精霊
霊,心霊
霊,魂
霊,霊魂
霊,心霊
霊,気魂
霊,性霊
霊,精神
霊,魑魅
霊,幻影
霊,生霊
霊,亡者
霊,物の気
長,お頭
長,頭領
長,主任
長,リーダ
長,親方
類,タイプ
類,類い
類,類型
類,型
類,種類
類,ジャンル
類,タイプ
類,類型
類,型
類,種
類,比
類,タイプ
類,類い
類,手合い
類,部類
類,ジャンル
類,類概念
類,部類
類,種類
霊,肝ったま
霊,肝っ魂
霊,胆玉
霊,肝
霊,エスプリ
霊,悪霊
霊,幽霊
霊,化け物
霊,ゴースト
霊,お化け
霊,霊魂
霊,精
霊,精霊
霊,心霊
霊,魂
霊,霊魂
霊,心霊
霊,気魂
霊,性霊
霊,精神
霊,魑魅
霊,幻影
霊,生霊
霊,亡者
霊,物の気
長,お頭
長,頭領
長,主任
長,リーダ
長,親方
類,タイプ
類,類い
類,類型
類,型
類,種類
類,ジャンル
類,タイプ
類,類型
類,型
類,種
類,比
類,タイプ
類,類い
類,手合い
類,部類
類,ジャンル
類,類概念
類,部類
類,種類
人,凡夫
人,凡人
人,人手
人,稼働人口
人,マンパワー
人,人員
人,労働力人口
人,人格者
人,人称
人,者
人,方
人,人間
人,人類
人,ヒト
人,人間
人,男の人
人,男
人,万物の霊長
人,人間
人,ヒト
人,人間
人,個人
人,人間
人,性質
人,人品
人,性格
人,柄
人,品性
人,人格者
人,人称
人,者
人,方
人,人間
人,男の人
人,男
人,万物の霊長
人,人間
人,ヒト属
人,ヒト
人,ホモ
人,人間
類,タイプ
類,類い
類,類型
類,型
類,種類
類,ジャンル
類,タイプ
類,類型
類,型
類,種
類,比
類,タイプ
類,類い
類,手合い
類,部類
類,ジャンル
類,類概念
類,部類
類,種類
祖,素姓
祖,元祖
祖,血統
祖,ソース
祖,家筋
祖,高祖
祖,先祖
祖,始祖
祖,ルーツ
祖,曩祖
祖,お祖父さん
祖,祖父君
祖,祖父
祖,祖父さま
祖,御祖父
祖,寛恕
祖,先祖
先,優先
先,プライオリティー
先,優先権
先,プライオリティ
先,先行き
先,此から
先,お先
先,末々
先,後来
先,頂上
先,上端
先,尖端
先,先端
先,頂
先,崎
先,岬
先,尖端
先,穂先
先,先端
先,先っぽ
先,先端
先,先端部
先,最尖端
先,最先端
先,末つ方
先,末端
先,尻っ方
先,尻
先,尖端
先,崎
先,岬
先,先頭
先,先登
先,尖端
言,言語行動
言,弁
言,口演
言,辞
言,話すこと
言,口先
言,辞
言,言い方
言,詞
言,ラング
言,口述
言,申立て
言,申し言
言,申し立て
言,言説
彼,彼氏
彼,ボーイフレンド
果,成果
果,作用
果,成り行き
果,結末
果,効果
果,成果
果,成り行き
果,結末
果,結果
果,首尾
物,事
物,事柄
物,代物
物,物件
物,物事
物,物質
物,サブスタンス
物,もの
物,品
物,物品
物,品物
物,もの
物,事柄
物,こと
物,その儀
物,常態
物,もの
物,代物
物,品
物,物品
物,物件
物,もの
物,代物
物,品
物,物品
物,物件
物,もの
食,食み
食,食べること
食,喫飯
食,食い
食,摂食
食,含み
食,一飲み
食,含
食,ひと口
食,一口
一,１
一,ワン
一,壱
一,もの
一,一つ
一,一個
一,壱
過,過誤
過,非
過,間違い
過,誤り
過,誤まり
過,失態
過,躓き
過,過誤
過,し損ない
過,間違い
過,遣り損い
過,過誤
過,間違い
過,遺損い
過,でき損ない
食,食み
食,食べること
食,喫飯
食,食い
食,摂食
食,含み
食,一飲み
食,含
食,ひと口
食,一口
料,必要経費
料,要脚
料,掛り
料,掛かり
料,勘定
料,値
料,値段
料,代金
料,価格
料,料金
料,必要経費
料,要脚
料,値
料,定価
料,買値
料,値
料,値段
料,代金
料,価格
料,代
猛,猛烈
猛,烈烈たる
猛,荒々しい
猛,繽紛たる
猛,劇しい
獣,四つ脚
獣,毛の荒物
獣,獣畜
獣,4つ脚
獣,アニマル
場,シーン
場,場面
場,場所
場,プレイス
場,スポット
場,所
場,ポイント
場,場所
場,スポット
場,所
場,箇所
場,個所
場,グラウンド
場,～場
場,フロア
場,立ち会い場
場,力の場
場,力場
場,界
場,所
場,面影
場,情景
場,風景
場,光景
場,場所
場,プレイス
場,所
場,所在
場,位置
場,場所
場,所
場,位置
場,ロケーション
場,地点
所,面影
所,情景
所,風景
所,光景
所,シーン
所,場所
所,プレイス
所,所在
所,位置
所,ところ
所,場所
所,プレイス
所,スポット
所,ポイント
所,箇所
所,場所
所,位置
所,ロケーション
所,場
所,地点
所,場所
所,スポット
所,箇所
所,個所
所,場
所,アド
所,居住地
所,アドレス
所,居所
所,所在地
所,場所
所,位置
所,空間的関係
所,ポジション
住,居留
住,住い
住,定住
住,住まい
住,居住
住,家屋
住,宅
住,室
住,棲家
住,家宅
霊,肝ったま
霊,肝っ魂
霊,胆玉
霊,肝
霊,エスプリ
霊,悪霊
霊,幽霊
霊,化け物
霊,ゴースト
霊,お化け
霊,霊魂
霊,精
霊,精霊
霊,心霊
霊,魂
霊,霊魂
霊,心霊
霊,気魂
霊,性霊
霊,精神
霊,魑魅
霊,幻影
霊,生霊
霊,亡者
霊,物の気
長,お頭
長,頭領
長,主任
長,リーダ
長,親方
類,タイプ
類,類い
類,類型
類,型
類,種類
類,ジャンル
類,タイプ
類,類型
類,型
類,種
類,比
類,タイプ
類,類い
類,手合い
類,部類
類,ジャンル
類,類概念
類,部類
類,種類
人,凡夫
人,凡人
人,人手
人,稼働人口
人,マンパワー
人,人員
人,労働力人口
人,人格者
人,人称
人,者
人,方
人,人間
人,人類
人,ヒト
人,人間
人,男の人
人,男
人,万物の霊長
人,人間
人,ヒト
人,人間
人,個人
人,人間
人,性質
人,人品
人,性格
人,柄
人,品性
人,人格者
人,人称
人,者
人,方
人,人間
人,男の人
人,男
人,万物の霊長
人,人間
人,ヒト属
人,ヒト
人,ホモ
人,人間
類,タイプ
類,類い
類,類型
類,型
類,種類
類,ジャンル
類,タイプ
類,類型
類,型
類,種
類,比
類,タイプ
類,類い
類,手合い
類,部類
類,ジャンル
類,類概念
類,部類
類,種類
祖,素姓
祖,元祖
祖,血統
祖,ソース
祖,家筋
祖,高祖
祖,先祖
祖,始祖
祖,ルーツ
祖,曩祖
祖,お祖父さん
祖,祖父君
祖,祖父
祖,祖父さま
祖,御祖父
祖,寛恕
祖,先祖
先,優先
先,プライオリティー
先,優先権
先,プライオリティ
先,先行き
先,此から
先,お先
先,末々
先,後来
先,頂上
先,上端
先,尖端
先,先端
先,頂
先,崎
先,岬
先,尖端
先,穂先
先,先端
先,先っぽ
先,先端
先,先端部
先,最尖端
先,最先端
先,末つ方
先,末端
先,尻っ方
先,尻
先,尖端
先,崎
先,岬
先,先頭
先,先登
先,尖端
火,火難
火,火事
火,火災
火,燃焼
火,回禄
火,ファイア
火,炎
火,火炎
火,ファイア
火,炎
火,焔
火,炎
火,暖炉
火,焔
山,博奕
山,一山
山,軽業
山,ベンチャー
山,投機
山,金山
山,砿山
山,鉱山
山,堆積
山,積み重ねたもの
山,嶽
山,山岳
山,牟礼
山,マウンテン
山,お山
山,分れ目
山,危局
山,存亡の機
山,危急存亡の秋
山,境目
山,絶頂
山,頂上
山,真盛
山,最高潮
山,山場
動,移り
動,移転
動,動き
動,変位
動,移動
動,提言
動,動き
動,運動
動,御返し
動,変更
動,御釣り
動,多様性
動,お返し
動,狼藉
動,混迷
動,乱脈
動,混乱
動,乱雑
動,御返し
動,変更
動,お返し
動,替え
動,変わり
大,でかい
大,おっきい
大,偉い
大,大きい
大,大き
大,矯激
大,非常
大,馬鹿
大,過激
大,甚だしい
地,キャラクタ
地,性質
地,性合い
地,性合
地,人品
地,場所
地,プレイス
地,スポット
地,所
地,ポイント
地,後景
地,背後
地,バックグラウンド
地,バックグランド
地,バック
地,土
地,大地
地,陸上
地,土壌
地,地面
地,土
地,陸地
地,グラウンド
地,地びた
地,地所
地,泥
地,土
地,大地
地,間土
地,紙土
震,揺り
震,振盪
震,動揺
震,震顫
震,顫動
震,戦き
震,スリル
震,身震
震,戦慄
震,ぞくぞくすること
大,でかい
大,おっきい
大,偉い
大,大きい
大,大き
大,矯激
大,非常
大,馬鹿
大,過激
大,甚だしい
陸,六
陸,６
陸,６つ
陸,半ダース
陸,六つ
南,午
南,真南
南,ま南
南,南方
北,子
北,真北
北,北方
北,北の方
北,ノース
北,磁北
北,羅北
北,北国
北,北方
北,北部
北,北部地方
大,でかい
大,おっきい
大,偉い
大,大きい
大,大き
大,矯激
大,非常
大,馬鹿
大,過激
大,甚だしい
地,キャラクタ
地,性質
地,性合い
地,性合
地,人品
地,場所
地,プレイス
地,スポット
地,所
地,ポイント
地,後景
地,背後
地,バックグラウンド
地,バックグランド
地,バック
地,土
地,大地
地,陸上
地,土壌
地,地面
地,土
地,陸地
地,グラウンド
地,地びた
地,地所
地,泥
地,土
地,大地
地,間土
地,紙土
溝,堀切り
溝,作条
溝,壕
溝,水尾
溝,導水渠
溝,堀り割り
溝,掘り割り
溝,堀割り
溝,壕
溝,堀
溝,差異
溝,差
溝,開き
溝,違
溝,隔たり
溝,雨うけ
溝,どぶ
溝,竪樋
溝,樋
溝,縦どい
帯,バンド
帯,徒党
帯,群れ
帯,鉢巻き
帯,囃子
帯,バンド
帯,胴締め
帯,サンチュール
帯,帯皮
帯,三尺帯
帯,バンド
帯,徒党
帯,群れ
帯,囃子
形,形姿
形,フォーム
形,外形
形,型
形,形態
形,姿態
形,容態
形,形姿
形,シェープ
形,形様
形,形式
形,恰好
形,格好
形,表し方
形,体裁
富,殷富
富,身代
富,資財
富,リッチ
富,富み
富,財
富,財宝
富,宝
富,貨財
富,財貨
富,九鼎
富,虎の子
富,珍宝
富,お宝
富,秘蔵
士,檀那
士,貴紳
士,御方
士,紳士
士,人士
士,士人
士,侍
士,武家
士,武士
士,武者
山,博奕
山,一山
山,軽業
山,ベンチャー
山,投機
山,金山
山,砿山
山,鉱山
山,堆積
山,積み重ねたもの
山,嶽
山,山岳
山,牟礼
山,マウンテン
山,お山
山,分れ目
山,危局
山,存亡の機
山,危急存亡の秋
山,境目
山,絶頂
山,頂上
山,真盛
山,最高潮
山,山場
標,荷印
標,マーカー
標,標識
標,符帳
標,標記
標,表徴
標,略号
標,紋章
標,シンボル
標,信号
標,印
標,目じるし
標,マーク
標,目印
標,正鵠
標,銘柄
標,点数
標,符号
標,印
標,表徴
標,徴証
標,表われ
標,息差
標,先ぶれ
標,正鵠
標,点数
標,符号
標,印
標,烙印
標,裏付
標,校正刷り
標,プルーフ
標,印
標,裏付け
高,物量
高,量
高,クオンティティ
高,クォンティティー
高,数
高,物量
高,量
高,クオンティティ
高,クォンティティー
高,数
長,お頭
長,頭領
長,主任
長,リーダ
長,親方
山,博奕
山,一山
山,軽業
山,ベンチャー
山,投機
山,金山
山,砿山
山,鉱山
山,堆積
山,積み重ねたもの
山,嶽
山,山岳
山,牟礼
山,マウンテン
山,お山
山,分れ目
山,危局
山,存亡の機
山,危急存亡の秋
山,境目
山,絶頂
山,頂上
山,真盛
山,最高潮
山,山場
脈,期待
脈,希望
脈,望み
脈,見込
脈,冀望
脈,チェイン
脈,チェーン
脈,鎖
脈,静脈
脈,脈拍
脈,ドキドキ
脈,心拍
脈,どきどき
脈,心音
脈,心拍数
脈,鉱脈
脈,荷重
脈,チェイン
脈,チェーン
脈,鎖
脈,気脈
脈,静脈
脈,脈絡
脈,血道
脈,青筋
東,東方
東,ま東
東,卯
東,イースト
東,真東
乾,人皇
乾,主上
乾,上様
乾,エンペラー
乾,御門
場,シーン
場,場面
場,場所
場,プレイス
場,スポット
場,所
場,ポイント
場,場所
場,スポット
場,所
場,箇所
場,個所
場,グラウンド
場,～場
場,フロア
場,立ち会い場
場,力の場
場,力場
場,界
場,所
場,面影
場,情景
場,風景
場,光景
場,場所
場,プレイス
場,所
場,所在
場,位置
場,場所
場,所
場,位置
場,ロケーション
場,地点
所,面影
所,情景
所,風景
所,光景
所,シーン
所,場所
所,プレイス
所,所在
所,位置
所,ところ
所,場所
所,プレイス
所,スポット
所,ポイント
所,箇所
所,場所
所,位置
所,ロケーション
所,場
所,地点
所,場所
所,スポット
所,箇所
所,個所
所,場
所,アド
所,居住地
所,アドレス
所,居所
所,所在地
所,場所
所,位置
所,空間的関係
所,ポジション
草,草本
草,ハーブ
草,牧草
草,草本
草,ハーブ
草,薬草
草,草書
草,手書き
草,ウイード
草,ドープ
草,ウィード
原,分野
原,野原
原,フィールド
原,原野
原,畑
変,奇態
変,奇奇怪怪
変,可笑しい
変,可笑しげ
変,異様
変,薄気味悪い
変,奇奇怪怪
変,この世のものとは思えない
変,底気味わるい
変,気味わるい
変,奇態
変,異様
変,妙ちきりん
変,奇体
変,へんちくりん
変,うさん臭げ
変,疑しげ
変,疑わしげ
変,訝しい
変,うさんくさい
変,奇態
変,可笑しい
変,異様
変,妙ちきりん
変,奇体
変,奇奇怪怪
変,突飛
変,奇抜
変,奇怪千万
変,異常
変,妙
草,草本
草,ハーブ
草,牧草
草,草本
草,ハーブ
草,薬草
草,草書
草,手書き
草,ウイード
草,ドープ
草,ウィード
原,分野
原,野原
原,フィールド
原,原野
原,畑
生,生命
生,ライフ
生,命
生,生命現象
生,種根
生,素姓
生,氏素姓
生,門
生,系統
霊,肝ったま
霊,肝っ魂
霊,胆玉
霊,肝
霊,エスプリ
霊,悪霊
霊,幽霊
霊,化け物
霊,ゴースト
霊,お化け
霊,霊魂
霊,精
霊,精霊
霊,心霊
霊,魂
霊,霊魂
霊,心霊
霊,気魂
霊,性霊
霊,精神
霊,魑魅
霊,幻影
霊,生霊
霊,亡者
霊,物の気
長,お頭
長,頭領
長,主任
長,リーダ
長,親方
類,タイプ
類,類い
類,類型
類,型
類,種類
類,ジャンル
類,タイプ
類,類型
類,型
類,種
類,比
類,タイプ
類,類い
類,手合い
類,部類
類,ジャンル
類,類概念
類,部類
類,種類
下,下手
下,舞台右手
下,劣性
下,二の町
下,二流
下,根元
下,尻
下,基部
下,底面
下,もと
豊,多量
豊,豊満
豊,たくさん
豊,豊饒
豊,数多
豊,肥沃
豊,豊饒
豊,豊か
豊,豊沃
豊,でかい
豊,おっきい
豊,大きい
豊,豊か
豊,でっかい
比,競
比,戦い
比,勝負
比,コンテスト
比,較べ
比,タイプ
比,類い
比,手合い
比,部類
比,手あい
比,比率
比,競
比,レース
比,競り合い
比,競争
比,比べ
草,草本
草,ハーブ
草,牧草
草,草本
草,ハーブ
草,薬草
草,草書
草,手書き
草,ウイード
草,ドープ
草,ウィード
原,分野
原,野原
原,フィールド
原,原野
原,畑
食,食み
食,食べること
食,喫飯
食,食い
食,摂食
食,含み
食,一飲み
食,含
食,ひと口
食,一口
料,必要経費
料,要脚
料,掛り
料,掛かり
料,勘定
料,値
料,値段
料,代金
料,価格
料,料金
料,必要経費
料,要脚
料,値
料,定価
料,買値
料,値
料,値段
料,代金
料,価格
料,代
猛,猛烈
猛,烈烈たる
猛,荒々しい
猛,繽紛たる
猛,劇しい
獣,四つ脚
獣,毛の荒物
獣,獣畜
獣,4つ脚
獣,アニマル
見,立場
見,見方
見,スタンドポイント
見,ポイントオブビュー
見,目
見,考え方
見,心的傾向
見,ものの見方
危,危地
危,危殆
危,危険
危,危機
険,荒荒しさ
険,荒っぽさ
険,荒々しさ
険,殺伐さ
険,刺刺しさ
険,声の切迫感
険,刺刺しさ
険,刺々しさ
物,事
物,事柄
物,代物
物,物件
物,物事
物,物質
物,サブスタンス
物,もの
物,品
物,物品
物,品物
物,もの
物,事柄
物,こと
物,その儀
物,常態
物,もの
物,代物
物,品
物,物品
物,物件
物,もの
物,代物
物,品
物,物品
物,物件
物,もの
見,立場
見,見方
見,スタンドポイント
見,ポイントオブビュー
見,目
見,考え方
見,心的傾向
見,ものの見方
逃,出奔
逃,脱出
逃,逃奔
逃,遁
逃,逃亡
見,立場
見,見方
見,スタンドポイント
見,ポイントオブビュー
見,目
見,考え方
見,心的傾向
見,ものの見方
渡,渡り舟
渡,通船
渡,船渡
渡,過所船
渡,聯絡船
要,須要
要,必然
要,不可欠
要,必要
要,必須
要,中枢
要,中軸
要,心棒
要,枢軸
要,中心
要,主意
要,中枢
要,核心
要,眼目
要,エッセンス
草,草本
草,ハーブ
草,牧草
草,草本
草,ハーブ
草,薬草
草,草書
草,手書き
草,ウイード
草,ドープ
草,ウィード
原,分野
原,野原
原,フィールド
原,原野
原,畑
生,生命
生,ライフ
生,命
生,生命現象
生,種根
生,素姓
生,氏素姓
生,門
生,系統
霊,肝ったま
霊,肝っ魂
霊,胆玉
霊,肝
霊,エスプリ
霊,悪霊
霊,幽霊
霊,化け物
霊,ゴースト
霊,お化け
霊,霊魂
霊,精
霊,精霊
霊,心霊
霊,魂
霊,霊魂
霊,心霊
霊,気魂
霊,性霊
霊,精神
霊,魑魅
霊,幻影
霊,生霊
霊,亡者
霊,物の気
長,お頭
長,頭領
長,主任
長,リーダ
長,親方
類,タイプ
類,類い
類,類型
類,型
類,種類
類,ジャンル
類,タイプ
類,類型
類,型
類,種
類,比
類,タイプ
類,類い
類,手合い
類,部類
類,ジャンル
類,類概念
類,部類
類,種類
本,著作
本,芝居
本,著書
本,労作
本,力作
本,進数
本,付け根
本,根拠
本,基礎
本,基盤
本,脚本
本,原作
本,台本
本,シナリオ
本,スクリプト
本,進数
本,付け根
本,根拠
本,基礎
本,基盤
本,編
本,韋編
本,一巻き
本,篇
本,ボリューム
本,書史
本,-冊
本,篇帙
本,書誌
本,一巻
本,韋編
本,著作
本,御本
本,著書
本,書史
足,肢
足,脚
足,脚部
足,骭
足,脛
足,脚部
足,足もと
足,足下
足,足元
足,要脚
足,ゲル
足,先立つ物
足,お金
足,銭
足,脚
足,脚
足,脚部
足,トランスポーテイション
足,トランスポーテーション
足,交通システム
足,通運
足,交通体系
足,足部
足,御御足
足,あんよ
足,お御足
足,おみ足
足,韻脚
足,麓
歩,歩み
歩,ステップ
歩,歩武
歩,足付き
歩,足取り
歩,お拾い
歩,お拾
歩,歩み
歩,歩路
歩,繰出し
歩,お拾い
歩,お拾
歩,歩み
歩,散歩
歩,あんよ
歩,ペース
歩,速度
歩,歩み
歩,スピード
歩,速さ
人,凡夫
人,凡人
人,人手
人,稼働人口
人,マンパワー
人,人員
人,労働力人口
人,人格者
人,人称
人,者
人,方
人,人間
人,人類
人,ヒト
人,人間
人,男の人
人,男
人,万物の霊長
人,人間
人,ヒト
人,人間
人,個人
人,人間
人,性質
人,人品
人,性格
人,柄
人,品性
人,人格者
人,人称
人,者
人,方
人,人間
人,男の人
人,男
人,万物の霊長
人,人間
人,ヒト属
人,ヒト
人,ホモ
人,人間
類,タイプ
類,類い
類,類型
類,型
類,種類
類,ジャンル
類,タイプ
類,類型
類,型
類,種
類,比
類,タイプ
類,類い
類,手合い
類,部類
類,ジャンル
類,類概念
類,部類
類,種類
祖,素姓
祖,元祖
祖,血統
祖,ソース
祖,家筋
祖,高祖
祖,先祖
祖,始祖
祖,ルーツ
祖,曩祖
祖,お祖父さん
祖,祖父君
祖,祖父
祖,祖父さま
祖,御祖父
祖,寛恕
祖,先祖
先,優先
先,プライオリティー
先,優先権
先,プライオリティ
先,先行き
先,此から
先,お先
先,末々
先,後来
先,頂上
先,上端
先,尖端
先,先端
先,頂
先,崎
先,岬
先,尖端
先,穂先
先,先端
先,先っぽ
先,先端
先,先端部
先,最尖端
先,最先端
先,末つ方
先,末端
先,尻っ方
先,尻
先,尖端
先,崎
先,岬
先,先頭
先,先登
先,尖端
直,親密
直,密接に
直,近く
足,肢
足,脚
足,脚部
足,骭
足,脛
足,脚部
足,足もと
足,足下
足,足元
足,要脚
足,ゲル
足,先立つ物
足,お金
足,銭
足,脚
足,脚
足,脚部
足,トランスポーテイション
足,トランスポーテーション
足,交通システム
足,通運
足,交通体系
足,足部
足,御御足
足,あんよ
足,お御足
足,おみ足
足,韻脚
足,麓
歩,歩み
歩,ステップ
歩,歩武
歩,足付き
歩,足取り
歩,お拾い
歩,お拾
歩,歩み
歩,歩路
歩,繰出し
歩,お拾い
歩,お拾
歩,歩み
歩,散歩
歩,あんよ
歩,ペース
歩,速度
歩,歩み
歩,スピード
歩,速さ
行,行ない
行,営み
行,行動
行,行い
行,アクト
行,ライン
行,行列
行,線路
行,筋
行,列
行,ライン
行,行列
行,線路
行,筋
行,列
人,凡夫
人,凡人
人,人手
人,稼働人口
人,マンパワー
人,人員
人,労働力人口
人,人格者
人,人称
人,者
人,方
人,人間
人,人類
人,ヒト
人,人間
人,男の人
人,男
人,万物の霊長
人,人間
人,ヒト
人,人間
人,個人
人,人間
人,性質
人,人品
人,性格
人,柄
人,品性
人,人格者
人,人称
人,者
人,方
人,人間
人,男の人
人,男
人,万物の霊長
人,人間
人,ヒト属
人,ヒト
人,ホモ
人,人間
類,タイプ
類,類い
類,類型
類,型
類,種類
類,ジャンル
類,タイプ
類,類型
類,型
類,種
類,比
類,タイプ
類,類い
類,手合い
類,部類
類,ジャンル
類,類概念
類,部類
類,種類
祖,素姓
祖,元祖
祖,血統
祖,ソース
祖,家筋
祖,高祖
祖,先祖
祖,始祖
祖,ルーツ
祖,曩祖
祖,お祖父さん
祖,祖父君
祖,祖父
祖,祖父さま
祖,御祖父
祖,寛恕
祖,先祖
先,優先
先,プライオリティー
先,優先権
先,プライオリティ
先,先行き
先,此から
先,お先
先,末々
先,後来
先,頂上
先,上端
先,尖端
先,先端
先,頂
先,崎
先,岬
先,尖端
先,穂先
先,先端
先,先っぽ
先,先端
先,先端部
先,最尖端
先,最先端
先,末つ方
先,末端
先,尻っ方
先,尻
先,尖端
先,崎
先,岬
先,先頭
先,先登
先,尖端
明,明朝
明,灯し火
明,洋灯
明,燭
明,ラムプ
明,灯り
違,差異
違,差
違,距離
違,不一致
違,開き
違,逕庭
違,差異
違,差
違,食い違い
違,くい違い
違,差異
違,差
違,溝
違,開き
違,隔たり
歩,歩み
歩,ステップ
歩,歩武
歩,足付き
歩,足取り
歩,お拾い
歩,お拾
歩,歩み
歩,歩路
歩,繰出し
歩,お拾い
歩,お拾
歩,歩み
歩,散歩
歩,あんよ
歩,ペース
歩,速度
歩,歩み
歩,スピード
歩,速さ
彼,彼氏
彼,ボーイフレンド
由,事由
由,理屈
由,根拠
由,理合い
由,訳合い
由,事由
由,理屈
由,廉
由,節理
由,根拠
由,遣り口
由,途方
由,手段
由,仕様
由,致し方
由,裏付
由,原拠
由,徴証
由,拠り所
由,証
前,前部
前,表
前,フロント
前,表がわ
前,前っ面
前,そば
前,目の前
前,お前
前,面前
前,御前
前,前部
前,フロント
前,前っ面
前,前面
足,肢
足,脚
足,脚部
足,骭
足,脛
足,脚部
足,足もと
足,足下
足,足元
足,要脚
足,ゲル
足,先立つ物
足,お金
足,銭
足,脚
足,脚
足,脚部
足,トランスポーテイション
足,トランスポーテーション
足,交通システム
足,通運
足,交通体系
足,足部
足,御御足
足,あんよ
足,お御足
足,おみ足
足,韻脚
足,麓
猿,模倣者
猿,亜流
猿,デッドボルト
猿,関の木
猿,閂
猿,桟
猿,貫の木
猿,エテ公
猿,サル
猿,猿公
猿,山猿
猿,猿猴
人,凡夫
人,凡人
人,人手
人,稼働人口
人,マンパワー
人,人員
人,労働力人口
人,人格者
人,人称
人,者
人,方
人,人間
人,人類
人,ヒト
人,人間
人,男の人
人,男
人,万物の霊長
人,人間
人,ヒト
人,人間
人,個人
人,人間
人,性質
人,人品
人,性格
人,柄
人,品性
人,人格者
人,人称
人,者
人,方
人,人間
人,男の人
人,男
人,万物の霊長
人,人間
人,ヒト属
人,ヒト
人,ホモ
人,人間
石,石ころ
石,ストーン
石,ロック
石,石塊
石,石巌
石,石ころ
石,ストーン
石,石塊
石,石巌
石,岩
石,石材
器,ボウル
器,鉢
器,器物
器,入れもの
器,容れもの
器,容れ物
器,コンテナー
器,器物
器,入物
器,入れ物
器,容器
器,槽
器,物入れ
器,器物
器,入れもの
器,容れもの
道,途
道,道筋
道,途方
道,仕様
道,経路
道,通路
道,途
道,道筋
道,コース
道,ライン
道,通路
道,道筋
道,コース
道,通道
道,通り路
道,途
道,ライン
道,行路
道,ロード
道,小路
道,ライン
道,伝達ルート
道,経路
道,ルート
道,回線
道,途
道,路次
道,旅程
道,道途
道,道塗
具,手段
具,ツール
具,道具
具,物の具
具,器財
具,器械
具,器具
具,用具
五,５
十,１０
十,テン
十,拾
十,什
万,一万
年,高齢
年,老い
年,老年
年,老年期
年,老齢
年,年頃
年,齢
年,年令
年,年齢
年,歳
年,歳次
年,年中
年,年度
年,年間
年,年歳
年,齢
年,年歯
年,馬齢
年,年算
年,年歳
原,分野
原,野原
原,フィールド
原,原野
原,畑
人,凡夫
人,凡人
人,人手
人,稼働人口
人,マンパワー
人,人員
人,労働力人口
人,人格者
人,人称
人,者
人,方
人,人間
人,人類
人,ヒト
人,人間
人,男の人
人,男
人,万物の霊長
人,人間
人,ヒト
人,人間
人,個人
人,人間
人,性質
人,人品
人,性格
人,柄
人,品性
人,人格者
人,人称
人,者
人,方
人,人間
人,男の人
人,男
人,万物の霊長
人,人間
人,ヒト属
人,ヒト
人,ホモ
人,人間
生,生命
生,ライフ
生,命
生,生命現象
生,種根
生,素姓
生,氏素姓
生,門
生,系統
後,根継ぎ
後,続ぎ目
後,継嗣
後,つぎ目
後,続目
後,裏
後,背後
後,後ろ
後,バック
後,裏面
後,裏
後,後ろ
後,背中
後,バック
後,裏
後,背後
後,後ろ
後,バック
後,先行き
後,此から
後,お先
後,末々
後,後来
後,背面
後,裏手
後,裏面
後,陰
後,裡面
後,背部
後,背
後,後ろ
後,背中
後,脊
現,此の中
現,此程
現,近頃
現,現下
現,日ごろ
現,レアリテ
現,レアリテー
現,リアリティ
現,アクチュアリティ
現,現実
人,凡夫
人,凡人
人,人手
人,稼働人口
人,マンパワー
人,人員
人,労働力人口
人,人格者
人,人称
人,者
人,方
人,人間
人,人類
人,ヒト
人,人間
人,男の人
人,男
人,万物の霊長
人,人間
人,ヒト
人,人間
人,個人
人,人間
人,性質
人,人品
人,性格
人,柄
人,品性
人,人格者
人,人称
人,者
人,方
人,人間
人,男の人
人,男
人,万物の霊長
人,人間
人,ヒト属
人,ヒト
人,ホモ
人,人間
人,凡夫
人,凡人
人,人手
人,稼働人口
人,マンパワー
人,人員
人,労働力人口
人,人格者
人,人称
人,者
人,方
人,人間
人,人類
人,ヒト
人,人間
人,男の人
人,男
人,万物の霊長
人,人間
人,ヒト
人,人間
人,個人
人,人間
人,性質
人,人品
人,性格
人,柄
人,品性
人,人格者
人,人称
人,者
人,方
人,人間
人,男の人
人,男
人,万物の霊長
人,人間
人,ヒト属
人,ヒト
人,ホモ
人,人間
死,永眠
死,御事
死,卒
死,死歿
死,落命
死,死歿
死,没
死,死に
死,死没
死,絶命
死,亡失
死,減退
死,喪失
死,負け
死,遺失
死,不祝儀
死,没
死,最後
死,不幸
死,絶命
者,人格者
者,人
者,人称
者,方
者,人間
者,人格者
者,人
者,人称
者,方
者,人間
葬,葬斂
葬,葬り
葬,野辺送り
葬,野葬
葬,土葬
葬,弔い
葬,追悼式
葬,葬儀式
葬,葬斂
葬,葬り
生,生命
生,ライフ
生,命
生,生命現象
生,種根
生,素姓
生,氏素姓
生,門
生,系統
新,こと新しい
新,目新しい
新,新奇
新,耳あたらしい
新,初
新,こと新しい
新,目新しい
新,耳あたらしい
新,新規
新,耳新しい
人,凡夫
人,凡人
人,人手
人,稼働人口
人,マンパワー
人,人員
人,労働力人口
人,人格者
人,人称
人,者
人,方
人,人間
人,人類
人,ヒト
人,人間
人,男の人
人,男
人,万物の霊長
人,人間
人,ヒト
人,人間
人,個人
人,人間
人,性質
人,人品
人,性格
人,柄
人,品性
人,人格者
人,人称
人,者
人,方
人,人間
人,男の人
人,男
人,万物の霊長
人,人間
人,ヒト属
人,ヒト
人,ホモ
人,人間
人,凡夫
人,凡人
人,人手
人,稼働人口
人,マンパワー
人,人員
人,労働力人口
人,人格者
人,人称
人,者
人,方
人,人間
人,人類
人,ヒト
人,人間
人,男の人
人,男
人,万物の霊長
人,人間
人,ヒト
人,人間
人,個人
人,人間
人,性質
人,人品
人,性格
人,柄
人,品性
人,人格者
人,人称
人,者
人,方
人,人間
人,男の人
人,男
人,万物の霊長
人,人間
人,ヒト属
人,ヒト
人,ホモ
人,人間
現,此の中
現,此程
現,近頃
現,現下
現,日ごろ
現,レアリテ
現,レアリテー
現,リアリティ
現,アクチュアリティ
現,現実
人,凡夫
人,凡人
人,人手
人,稼働人口
人,マンパワー
人,人員
人,労働力人口
人,人格者
人,人称
人,者
人,方
人,人間
人,人類
人,ヒト
人,人間
人,男の人
人,男
人,万物の霊長
人,人間
人,ヒト
人,人間
人,個人
人,人間
人,性質
人,人品
人,性格
人,柄
人,品性
人,人格者
人,人称
人,者
人,方
人,人間
人,男の人
人,男
人,万物の霊長
人,人間
人,ヒト属
人,ヒト
人,ホモ
人,人間
類,タイプ
類,類い
類,類型
類,型
類,種類
類,ジャンル
類,タイプ
類,類型
類,型
類,種
類,比
類,タイプ
類,類い
類,手合い
類,部類
類,ジャンル
類,類概念
類,部類
類,種類
変,奇態
変,奇奇怪怪
変,可笑しい
変,可笑しげ
変,異様
変,薄気味悪い
変,奇奇怪怪
変,この世のものとは思えない
変,底気味わるい
変,気味わるい
変,奇態
変,異様
変,妙ちきりん
変,奇体
変,へんちくりん
変,うさん臭げ
変,疑しげ
変,疑わしげ
変,訝しい
変,うさんくさい
変,奇態
変,可笑しい
変,異様
変,妙ちきりん
変,奇体
変,奇奇怪怪
変,突飛
変,奇抜
変,奇怪千万
変,異常
変,妙
彼,彼氏
彼,ボーイフレンド
言,言語行動
言,弁
言,口演
言,辞
言,話すこと
言,口先
言,辞
言,言い方
言,詞
言,ラング
言,口述
言,申立て
言,申し言
言,申し立て
言,言説
葉,樹葉
葉,葉っぱ
葉,木の葉
葉,木ノ葉
葉,葉身
葉,一葉
話,ストーリー
話,物語り
話,話し
話,噺
話,物語
話,話説
話,由来書き
話,ヒストリ
話,青史
話,所記
話,話し
話,会話
話,物語
話,説話
話,語り
話,ひと言
話,一語
話,一言
話,式辞
話,奨励
話,演説
話,辞
話,スピーチ
話,口述
話,申立て
話,申し言
話,申し立て
話,言説
話,話し
話,会話
話,対話
話,談
話,トーク
話,話し
話,会話
話,喋り
力,勢い
力,強さ
力,勢
力,才幹
力,器量
力,力量
力,能才
力,アビリティー
力,活動力
力,生気
力,精
力,ヴァイタリティ
力,精力
力,権威
力,権勢
力,威光
力,インフルエンス
力,勢威
力,生彩
力,精彩
力,力量
力,力倆
力,能
力,アビリティー
力,アビリティ
力,強さ
力,力強さ
力,パワー
力,パワー
狩,ハント
狩,狩猟
狩,狩り
狩,猟
狩,ハンティング
狩,遊猟
狩,狩猟
狩,狩り
狩,猟
人,凡夫
人,凡人
人,人手
人,稼働人口
人,マンパワー
人,人員
人,労働力人口
人,人格者
人,人称
人,者
人,方
人,人間
人,人類
人,ヒト
人,人間
人,男の人
人,男
人,万物の霊長
人,人間
人,ヒト
人,人間
人,個人
人,人間
人,性質
人,人品
人,性格
人,柄
人,品性
人,人格者
人,人称
人,者
人,方
人,人間
人,男の人
人,男
人,万物の霊長
人,人間
人,ヒト属
人,ヒト
人,ホモ
人,人間
石,石ころ
石,ストーン
石,ロック
石,石塊
石,石巌
石,石ころ
石,ストーン
石,石塊
石,石巌
石,岩
石,石材
器,ボウル
器,鉢
器,器物
器,入れもの
器,容れもの
器,容れ物
器,コンテナー
器,器物
器,入物
器,入れ物
器,容器
器,槽
器,物入れ
器,器物
器,入れもの
器,容れもの
美,ビューティ
美,綺麗さ
美,奇麗さ
美,ビューティー
美,美しさ
刻,彫り刻む
刻,彫る
刻,彫刻
刻,刻む
骨,骨組織
骨,骨法
格,規制
格,決り
格,準則
格,規格
格,定め事
格,地位
格,ステータス
格,地歩
格,羽振り
格,ステイタス
格,地位
格,品等
格,点数
格,位地
格,等
格,ケイス
格,ケース
作,本
作,著作
作,芝居
作,著書
作,労作
作,生み
作,産
作,生産
作,生成
作,工作
作,ワーク
作,創作
作,作品
弓,ボーゲン
弓,ボウ
弓,ボー
弓,アーク
弓,洋弓
弓,ボウ
弓,ボー
矢,箭
矢,アロー
明,明朝
明,灯し火
明,洋灯
明,燭
明,ラムプ
明,灯り
集,会合
集,アセンブリー
集,集結
集,コンベンション
集,会
団,一座
団,一行
団,集団
団,人だかり
団,集まり
団,群集
団,人集
団,隊
狩,ハント
狩,狩猟
狩,狩り
狩,猟
狩,ハンティング
狩,遊猟
狩,狩猟
狩,狩り
狩,猟
行,行ない
行,営み
行,行動
行,行い
行,アクト
行,ライン
行,行列
行,線路
行,筋
行,列
行,ライン
行,行列
行,線路
行,筋
行,列
大,でかい
大,おっきい
大,偉い
大,大きい
大,大き
大,矯激
大,非常
大,馬鹿
大,過激
大,甚だしい
物,事
物,事柄
物,代物
物,物件
物,物事
物,物質
物,サブスタンス
物,もの
物,品
物,物品
物,品物
物,もの
物,事柄
物,こと
物,その儀
物,常態
物,もの
物,代物
物,品
物,物品
物,物件
物,もの
物,代物
物,品
物,物品
物,物件
物,もの
彼,彼氏
彼,ボーイフレンド
洞,空
洞,穴ぼこ
洞,穴隙
洞,穴凹
洞,孔
洞,窟
洞,岩屋
洞,石屋
洞,洞窟
洞,洞穴
洞,空
洞,穴ぼこ
洞,穴隙
洞,穴凹
洞,孔
洞,窟
洞,岩屋
洞,石屋
洞,洞窟
洞,空洞
洞,穴ぼこ
洞,穴隙
洞,穴凹
洞,穿孔
洞,孔
洞,巌窟
洞,磐屋
洞,窟
洞,岩屋
洞,ほら穴
狩,ハント
狩,狩猟
狩,狩り
狩,猟
狩,ハンティング
狩,遊猟
狩,狩猟
狩,狩り
狩,猟
功,功績
功,手柄
功,偉勲
功,業績
功,功業
思,賊心
思,犯意
思,遺恨
思,害意
思,意地悪
思,心緒
思,感
思,フィーリング
思,感じ
思,気持
思,欲
思,念望
思,希望
思,願い
思,望み
思,存慮
思,意中
思,念い
思,了簡
思,心慮
動,移り
動,移転
動,動き
動,変位
動,移動
動,提言
動,動き
動,運動
動,御返し
動,変更
動,御釣り
動,多様性
動,お返し
動,狼藉
動,混迷
動,乱脈
動,混乱
動,乱雑
動,御返し
動,変更
動,お返し
動,替え
動,変わり
物,事
物,事柄
物,代物
物,物件
物,物事
物,物質
物,サブスタンス
物,もの
物,品
物,物品
物,品物
物,もの
物,事柄
物,こと
物,その儀
物,常態
物,もの
物,代物
物,品
物,物品
物,物件
物,もの
物,代物
物,品
物,物品
物,物件
物,もの
残,残り
残,残滓
残,残余
残,残渣
残,残分
残,残り
残,余剰
残,残余
残,剰余
残,取りのこし
大,でかい
大,おっきい
大,偉い
大,大きい
大,大き
大,矯激
大,非常
大,馬鹿
大,過激
大,甚だしい
地,キャラクタ
地,性質
地,性合い
地,性合
地,人品
地,場所
地,プレイス
地,スポット
地,所
地,ポイント
地,後景
地,背後
地,バックグラウンド
地,バックグランド
地,バック
地,土
地,大地
地,陸上
地,土壌
地,地面
地,土
地,陸地
地,グラウンド
地,地びた
地,地所
地,泥
地,土
地,大地
地,間土
地,紙土
溝,堀切り
溝,作条
溝,壕
溝,水尾
溝,導水渠
溝,堀り割り
溝,掘り割り
溝,堀割り
溝,壕
溝,堀
溝,差異
溝,差
溝,開き
溝,違
溝,隔たり
溝,雨うけ
溝,どぶ
溝,竪樋
溝,樋
溝,縦どい
帯,バンド
帯,徒党
帯,群れ
帯,鉢巻き
帯,囃子
帯,バンド
帯,胴締め
帯,サンチュール
帯,帯皮
帯,三尺帯
帯,バンド
帯,徒党
帯,群れ
帯,囃子
東,東方
東,ま東
東,卯
東,イースト
東,真東
環,円環
環,環形
環,輪形
環,リング
環,輪
環,銀輪
環,ホイール
環,車
環,車輪
環,輪
環,ループライン
環,ループ
環,輪
環,環状
環,輪っか
境,縁
境,ボーダーライン
境,境目
境,外辺部
境,ボーダー
境,地位
境,身分
境,位地
境,立場
境,ところ
境,バウンダリ
境,地境
境,リミット
境,境目
境,バウンド
人,凡夫
人,凡人
人,人手
人,稼働人口
人,マンパワー
人,人員
人,労働力人口
人,人格者
人,人称
人,者
人,方
人,人間
人,人類
人,ヒト
人,人間
人,男の人
人,男
人,万物の霊長
人,人間
人,ヒト
人,人間
人,個人
人,人間
人,性質
人,人品
人,性格
人,柄
人,品性
人,人格者
人,人称
人,者
人,方
人,人間
人,男の人
人,男
人,万物の霊長
人,人間
人,ヒト属
人,ヒト
人,ホモ
人,人間
類,タイプ
類,類い
類,類型
類,型
類,種類
類,ジャンル
類,タイプ
類,類型
類,型
類,種
類,比
類,タイプ
類,類い
類,手合い
類,部類
類,ジャンル
類,類概念
類,部類
類,種類
祖,素姓
祖,元祖
祖,血統
祖,ソース
祖,家筋
祖,高祖
祖,先祖
祖,始祖
祖,ルーツ
祖,曩祖
祖,お祖父さん
祖,祖父君
祖,祖父
祖,祖父さま
祖,御祖父
祖,寛恕
祖,先祖
先,優先
先,プライオリティー
先,優先権
先,プライオリティ
先,先行き
先,此から
先,お先
先,末々
先,後来
先,頂上
先,上端
先,尖端
先,先端
先,頂
先,崎
先,岬
先,尖端
先,穂先
先,先端
先,先っぽ
先,先端
先,先端部
先,最尖端
先,最先端
先,末つ方
先,末端
先,尻っ方
先,尻
先,尖端
先,崎
先,岬
先,先頭
先,先登
先,尖端
生,生命
生,ライフ
生,命
生,生命現象
生,種根
生,素姓
生,氏素姓
生,門
生,系統
西,酉の方角
西,酉
西,真西
西,西方
西,ウェスト
食,食み
食,食べること
食,喫飯
食,食い
食,摂食
食,含み
食,一飲み
食,含
食,ひと口
食,一口
料,必要経費
料,要脚
料,掛り
料,掛かり
料,勘定
料,値
料,値段
料,代金
料,価格
料,料金
料,必要経費
料,要脚
料,値
料,定価
料,買値
料,値
料,値段
料,代金
料,価格
料,代
豊,多量
豊,豊満
豊,たくさん
豊,豊饒
豊,数多
豊,肥沃
豊,豊饒
豊,豊か
豊,豊沃
豊,でかい
豊,おっきい
豊,大きい
豊,豊か
豊,でっかい
富,殷富
富,身代
富,資財
富,リッチ
富,富み
富,財
富,財宝
富,宝
富,貨財
富,財貨
富,九鼎
富,虎の子
富,珍宝
富,お宝
富,秘蔵
霊,肝ったま
霊,肝っ魂
霊,胆玉
霊,肝
霊,エスプリ
霊,悪霊
霊,幽霊
霊,化け物
霊,ゴースト
霊,お化け
霊,霊魂
霊,精
霊,精霊
霊,心霊
霊,魂
霊,霊魂
霊,心霊
霊,気魂
霊,性霊
霊,精神
霊,魑魅
霊,幻影
霊,生霊
霊,亡者
霊,物の気
長,お頭
長,頭領
長,主任
長,リーダ
長,親方
類,タイプ
類,類い
類,類型
類,型
類,種類
類,ジャンル
類,タイプ
類,類型
類,型
類,種
類,比
類,タイプ
類,類い
類,手合い
類,部類
類,ジャンル
類,類概念
類,部類
類,種類
現,此の中
現,此程
現,近頃
現,現下
現,日ごろ
現,レアリテ
現,レアリテー
現,リアリティ
現,アクチュアリティ
現,現実
変,奇態
変,奇奇怪怪
変,可笑しい
変,可笑しげ
変,異様
変,薄気味悪い
変,奇奇怪怪
変,この世のものとは思えない
変,底気味わるい
変,気味わるい
変,奇態
変,異様
変,妙ちきりん
変,奇体
変,へんちくりん
変,うさん臭げ
変,疑しげ
変,疑わしげ
変,訝しい
変,うさんくさい
変,奇態
変,可笑しい
変,異様
変,妙ちきりん
変,奇体
変,奇奇怪怪
変,突飛
変,奇抜
変,奇怪千万
変,異常
変,妙
人,凡夫
人,凡人
人,人手
人,稼働人口
人,マンパワー
人,人員
人,労働力人口
人,人格者
人,人称
人,者
人,方
人,人間
人,人類
人,ヒト
人,人間
人,男の人
人,男
人,万物の霊長
人,人間
人,ヒト
人,人間
人,個人
人,人間
人,性質
人,人品
人,性格
人,柄
人,品性
人,人格者
人,人称
人,者
人,方
人,人間
人,男の人
人,男
人,万物の霊長
人,人間
人,ヒト属
人,ヒト
人,ホモ
人,人間
類,タイプ
類,類い
類,類型
類,型
類,種類
類,ジャンル
類,タイプ
類,類型
類,型
類,種
類,比
類,タイプ
類,類い
類,手合い
類,部類
類,ジャンル
類,類概念
類,部類
類,種類
最,大きに
最,いとも
最,痛も
最,余っ程
最,ぐんと
最,大分
最,大きに
最,いとも
最,尠からず
最,思い切り
最,至って
最,極々
最,いとも
最,殊の外
最,めきめき
最,ずんと
最,大きに
最,現に
最,よっぽど
最,いとも
最,極々
最,いとも
最,許多
最,痛も
最,世にも
生,生命
生,ライフ
生,命
生,生命現象
生,種根
生,素姓
生,氏素姓
生,門
生,系統
物,事
物,事柄
物,代物
物,物件
物,物事
物,物質
物,サブスタンス
物,もの
物,品
物,物品
物,品物
物,もの
物,事柄
物,こと
物,その儀
物,常態
物,もの
物,代物
物,品
物,物品
物,物件
物,もの
物,代物
物,品
物,物品
物,物件
物,もの
類,タイプ
類,類い
類,類型
類,型
類,種類
類,ジャンル
類,タイプ
類,類型
類,型
類,種
類,比
類,タイプ
類,類い
類,手合い
類,部類
類,ジャンル
類,類概念
類,部類
類,種類
人,凡夫
人,凡人
人,人手
人,稼働人口
人,マンパワー
人,人員
人,労働力人口
人,人格者
人,人称
人,者
人,方
人,人間
人,人類
人,ヒト
人,人間
人,男の人
人,男
人,万物の霊長
人,人間
人,ヒト
人,人間
人,個人
人,人間
人,性質
人,人品
人,性格
人,柄
人,品性
人,人格者
人,人称
人,者
人,方
人,人間
人,男の人
人,男
人,万物の霊長
人,人間
人,ヒト属
人,ヒト
人,ホモ
人,人間
猿,模倣者
猿,亜流
猿,デッドボルト
猿,関の木
猿,閂
猿,桟
猿,貫の木
猿,エテ公
猿,サル
猿,猿公
猿,山猿
猿,猿猴
人,凡夫
人,凡人
人,人手
人,稼働人口
人,マンパワー
人,人員
人,労働力人口
人,人格者
人,人称
人,者
人,方
人,人間
人,人類
人,ヒト
人,人間
人,男の人
人,男
人,万物の霊長
人,人間
人,ヒト
人,人間
人,個人
人,人間
人,性質
人,人品
人,性格
人,柄
人,品性
人,人格者
人,人称
人,者
人,方
人,人間
人,男の人
人,男
人,万物の霊長
人,人間
人,ヒト属
人,ヒト
人,ホモ
人,人間
間,休み
間,切れ間
間,休止
間,ひと休み
間,絶えま
間,結付き
間,縁
間,掛りあい
間,係り
間,引っ掛り
間,スパン
間,期間
間,時間
間,切れ間
間,距離
間,合間
間,インタバル
間,透き
間,区切目
間,休止
間,絶えま
間,途切
間,区ぎり
間,明き
間,透き間
間,余地
間,間隙
間,隙間
間,室
間,部屋
間,房室
間,御部屋
間,お部屋
間,透き間
間,間隙
間,隙間
間,すきま
間,透目
間,時
間,期間
間,時間
間,間がら
間,縁
間,掛りあい
間,係り
間,結びつき
間,隔たり
間,間隔
間,期間
間,時間
間,梁間
間,渡り間
間,径間
間,スパン
間,間隔
下,下手
下,舞台右手
下,劣性
下,二の町
下,二流
下,根元
下,尻
下,基部
下,底面
下,もと
分,部分
分,パーツ
分,min
分,min
分,時間
分,h
時,日月
時,春秋
時,とき
時,星霜
時,タイム
時,折り
時,とき
時,時代
時,時期
時,タイム
時,潮合い
時,好機
時,潮時
時,機宜
時,機
時,咄嗟
時,片時
時,モメント
時,寸時
時,時刻
時,折り
時,頃
時,潮時
時,とき
時,時機
時,一時
時,ひと時
時,時間
時,間
時,期間
時,時間
時,際
時,場合
時,折
時,時間
時,とき
時,回
時,折
時,度
時,時刻
時,時間
時,刻限
時,序で
時,頃
時,切っ掛け
時,節
時,機会
代,必要経費
代,要脚
代,掛り
代,掛かり
代,勘定
代,勘定
代,値段
代,代金
代,料金
代,フィー
代,世紀
代,時代
代,値
代,値段
代,代金
代,価格
代,料金
代,必要経費
代,要脚
代,値
代,定価
代,買値
代,値
代,値段
代,代金
代,価格
代,料
代,田
代,野田
代,田圃
代,小田
代,水田
代,代役
代,替え
代,替り
代,後任
代,代り
懐,胸
懐,内懐
懐,胸襟
懐,心胸
懐,心肝
懐,腹
懐,肝
公,周知
公,明るみ
園,パーク
園,園地
園,庭園
園,緑地
園,園生
園,苑地
園,庭
園,園地
園,庭園
園,園庭
見,立場
見,見方
見,スタンドポイント
見,ポイントオブビュー
見,目
見,考え方
見,心的傾向
見,ものの見方
登,上坂
登,登坂
登,上り
登,登り坂
登,昇り
登,上り
登,上昇
登,上がり
登,昇り
登,上げ
叫,悲鳴
叫,わめき声
叫,叫声
叫,叫換
叫,喚き声
六,６
六,６つ
六,半ダース
六,六つ
六,陸
千,阡
千,一千
五,５
百,１００
万,一万
年,高齢
年,老い
年,老年
年,老年期
年,老齢
年,年頃
年,齢
年,年令
年,年齢
年,歳
年,歳次
年,年中
年,年度
年,年間
年,年歳
年,齢
年,年歯
年,馬齢
年,年算
年,年歳
前,前部
前,表
前,フロント
前,表がわ
前,前っ面
前,そば
前,目の前
前,お前
前,面前
前,御前
前,前部
前,フロント
前,前っ面
前,前面
恐,恐れ
恐,恐怖
恐,怖れ
恐,恐怖心
恐,気遣しさ
恐,気づかわしさ
恐,物思
恐,気苦労
恐,憂虞
恐,怖じけ
恐,虞
恐,もの恐ろしさ
恐,怖さ
恐,怖気
恐,鬼胎
恐,ホラー
恐,怖
恐,恐れ
恐,恐怖
恐,虞
恐,鬼胎
恐,懸念
恐,心配
恐,不安
竜,ドラゴン
竜,龍
竜,火竜
乳,乳房
乳,胸
乳,胸部
乳,乳ぶさ
乳,バスト
乳,乳汁
乳,市乳
乳,牛乳
乳,ミルク
乳,おっぱい
乳,乳汁
乳,牛乳
乳,ミルク
乳,乳汁
乳,おっぱい
乳,御乳
類,タイプ
類,類い
類,類型
類,型
類,種類
類,ジャンル
類,タイプ
類,類型
類,型
類,種
類,比
類,タイプ
類,類い
類,手合い
類,部類
類,ジャンル
類,類概念
類,部類
類,種類
急,ついと
急,つと
急,急激
急,颯と
急,つっと
急,ついと
急,つと
急,急激
急,俄に
急,行成り
急,俄に
急,行成り
急,不図
急,ふとして
急,突として
栄,誉
栄,誉れ
栄,栄光
栄,誉望
栄,栄誉
最,大きに
最,いとも
最,痛も
最,余っ程
最,ぐんと
最,大分
最,大きに
最,いとも
最,尠からず
最,思い切り
最,至って
最,極々
最,いとも
最,殊の外
最,めきめき
最,ずんと
最,大きに
最,現に
最,よっぽど
最,いとも
最,極々
最,いとも
最,許多
最,痛も
最,世にも
初,たあいない
初,ナイーヴ
初,天真爛漫
初,純真
初,たわいない
初,こと新しい
初,目新しい
初,新奇
初,耳あたらしい
初,初々しげ
初,第一
乳,乳房
乳,胸
乳,胸部
乳,乳ぶさ
乳,バスト
乳,乳汁
乳,市乳
乳,牛乳
乳,ミルク
乳,おっぱい
乳,乳汁
乳,牛乳
乳,ミルク
乳,乳汁
乳,おっぱい
乳,御乳
類,タイプ
類,類い
類,類型
類,型
類,種類
類,ジャンル
類,タイプ
類,類型
類,型
類,種
類,比
類,タイプ
類,類い
類,手合い
類,部類
類,ジャンル
類,類概念
類,部類
類,種類
今,丁度
今,ついさっき
今,今にして
今,今や
今,今では
今,今では
今,この節
今,此の程
今,此の節
今,丁度
今,たった今
今,ただ今
今,ちょうど
今,ついさっき
今,この時
今,さし向き
今,さしあたって
今,現在
今,今や
今,差し当たって
ミ,マイル
ミ,海里
ミ,ミシガン
乳,乳房
乳,胸
乳,胸部
乳,乳ぶさ
乳,バスト
乳,乳汁
乳,市乳
乳,牛乳
乳,ミルク
乳,おっぱい
乳,乳汁
乳,牛乳
乳,ミルク
乳,乳汁
乳,おっぱい
乳,御乳
類,タイプ
類,類い
類,類型
類,型
類,種類
類,ジャンル
類,タイプ
類,類型
類,型
類,種
類,比
類,タイプ
類,類い
類,手合い
類,部類
類,ジャンル
類,類概念
類,部類
類,種類
体,エア
体,風情
体,天空
体,エアー
体,空気
体,姿態
体,花柱
体,風格
体,調子
体,スタイル
体,骨身
体,ししむら
体,五体
体,身
体,肉塊
体,姿態
体,風格
体,調子
体,スタイル
体,体裁
体,仮相
体,風情
体,見え
体,身なり
体,体貌
体,形式
体,恰好
体,格好
体,表し方
体,体裁
体,姿態
体,風格
体,調子
体,スタイル
体,体裁
温,温か
温,ぬくい
温,暖かい
温,温い
温,生あたたかい
一,１
一,ワン
一,壱
一,もの
一,一つ
一,一個
一,壱
定,巡り合わせ
定,定め事
定,巡合
定,宿命
定,回り合せ
定,真成
定,事実
定,ほんま
定,真実の言明
定,真
定,堅さ
定,必然
定,確実性
定,固さ
定,確信
定,必然
体,エア
体,風情
体,天空
体,エアー
体,空気
体,姿態
体,花柱
体,風格
体,調子
体,スタイル
体,骨身
体,ししむら
体,五体
体,身
体,肉塊
体,姿態
体,風格
体,調子
体,スタイル
体,体裁
体,仮相
体,風情
体,見え
体,身なり
体,体貌
体,形式
体,恰好
体,格好
体,表し方
体,体裁
体,姿態
体,風格
体,調子
体,スタイル
体,体裁
中,内側
中,内辺
中,内
中,内方
中,内部
中,椎体
中,中ごろ
中,中間
中,中間点
中,最中
中,胴中
中,十人並
中,凡愚
中,中位
中,中分
中,平凡
中,まっ只中
中,直中
中,真っただ中
中,真只中
中,真っただなか
環,円環
環,環形
環,輪形
環,リング
環,輪
環,銀輪
環,ホイール
環,車
環,車輪
環,輪
環,ループライン
環,ループ
環,輪
環,環状
環,輪っか
境,縁
境,ボーダーライン
境,境目
境,外辺部
境,ボーダー
境,地位
境,身分
境,位地
境,立場
境,ところ
境,バウンダリ
境,地境
境,リミット
境,境目
境,バウンド
多,多量
多,許多
多,多大
多,多分
多,数多
種,ジャンル
種,タイプ
種,類型
種,型
種,様式
種,穀粒
種,種子
種,種物
種,物種
種,実
種,種別
種,カテゴリ
種,クラス
種,種目
種,範疇
種,精液
種,材
種,材料
種,ねた
種,もと
種,元
種,種子
種,内果皮
種,果核
種,種子
種,実
類,タイプ
類,類い
類,類型
類,型
類,種類
類,ジャンル
類,タイプ
類,類型
類,型
類,種
類,比
類,タイプ
類,類い
類,手合い
類,部類
類,ジャンル
類,類概念
類,部類
類,種類
仲,間がら
仲,縁
仲,掛りあい
仲,係り
仲,結びつき
仲,間がら
仲,中らい
仲,間柄
仲,仲合
仲,仲らい
間,休み
間,切れ間
間,休止
間,ひと休み
間,絶えま
間,結付き
間,縁
間,掛りあい
間,係り
間,引っ掛り
間,スパン
間,期間
間,時間
間,切れ間
間,距離
間,合間
間,インタバル
間,透き
間,区切目
間,休止
間,絶えま
間,途切
間,区ぎり
間,明き
間,透き間
間,余地
間,間隙
間,隙間
間,室
間,部屋
間,房室
間,御部屋
間,お部屋
間,透き間
間,間隙
間,隙間
間,すきま
間,透目
間,時
間,期間
間,時間
間,間がら
間,縁
間,掛りあい
間,係り
間,結びつき
間,隔たり
間,間隔
間,期間
間,時間
間,梁間
間,渡り間
間,径間
間,スパン
間,間隔
霊,肝ったま
霊,肝っ魂
霊,胆玉
霊,肝
霊,エスプリ
霊,悪霊
霊,幽霊
霊,化け物
霊,ゴースト
霊,お化け
霊,霊魂
霊,精
霊,精霊
霊,心霊
霊,魂
霊,霊魂
霊,心霊
霊,気魂
霊,性霊
霊,精神
霊,魑魅
霊,幻影
霊,生霊
霊,亡者
霊,物の気
長,お頭
長,頭領
長,主任
長,リーダ
長,親方
類,タイプ
類,類い
類,類型
類,型
類,種類
類,ジャンル
類,タイプ
類,類型
類,型
類,種
類,比
類,タイプ
類,類い
類,手合い
類,部類
類,ジャンル
類,類概念
類,部類
類,種類
中,内側
中,内辺
中,内
中,内方
中,内部
中,椎体
中,中ごろ
中,中間
中,中間点
中,最中
中,胴中
中,十人並
中,凡愚
中,中位
中,中分
中,平凡
中,まっ只中
中,直中
中,真っただ中
中,真只中
中,真っただなか
森,樹林
森,林地
森,ラフォーレ
森,森林地
森,森林地帯
森,樹林
森,林地
森,林
森,森林
中,内側
中,内辺
中,内
中,内方
中,内部
中,椎体
中,中ごろ
中,中間
中,中間点
中,最中
中,胴中
中,十人並
中,凡愚
中,中位
中,中分
中,平凡
中,まっ只中
中,直中
中,真っただ中
中,真只中
中,真っただなか
霊,肝ったま
霊,肝っ魂
霊,胆玉
霊,肝
霊,エスプリ
霊,悪霊
霊,幽霊
霊,化け物
霊,ゴースト
霊,お化け
霊,霊魂
霊,精
霊,精霊
霊,心霊
霊,魂
霊,霊魂
霊,心霊
霊,気魂
霊,性霊
霊,精神
霊,魑魅
霊,幻影
霊,生霊
霊,亡者
霊,物の気
長,お頭
長,頭領
長,主任
長,リーダ
長,親方
類,タイプ
類,類い
類,類型
類,型
類,種類
類,ジャンル
類,タイプ
類,類型
類,型
類,種
類,比
類,タイプ
類,類い
類,手合い
類,部類
類,ジャンル
類,類概念
類,部類
類,種類
人,凡夫
人,凡人
人,人手
人,稼働人口
人,マンパワー
人,人員
人,労働力人口
人,人格者
人,人称
人,者
人,方
人,人間
人,人類
人,ヒト
人,人間
人,男の人
人,男
人,万物の霊長
人,人間
人,ヒト
人,人間
人,個人
人,人間
人,性質
人,人品
人,性格
人,柄
人,品性
人,人格者
人,人称
人,者
人,方
人,人間
人,男の人
人,男
人,万物の霊長
人,人間
人,ヒト属
人,ヒト
人,ホモ
人,人間
類,タイプ
類,類い
類,類型
類,型
類,種類
類,ジャンル
類,タイプ
類,類型
類,型
類,種
類,比
類,タイプ
類,類い
類,手合い
類,部類
類,ジャンル
類,類概念
類,部類
類,種類
祖,素姓
祖,元祖
祖,血統
祖,ソース
祖,家筋
祖,高祖
祖,先祖
祖,始祖
祖,ルーツ
祖,曩祖
祖,お祖父さん
祖,祖父君
祖,祖父
祖,祖父さま
祖,御祖父
祖,寛恕
祖,先祖
先,優先
先,プライオリティー
先,優先権
先,プライオリティ
先,先行き
先,此から
先,お先
先,末々
先,後来
先,頂上
先,上端
先,尖端
先,先端
先,頂
先,崎
先,岬
先,尖端
先,穂先
先,先端
先,先っぽ
先,先端
先,先端部
先,最尖端
先,最先端
先,末つ方
先,末端
先,尻っ方
先,尻
先,尖端
先,崎
先,岬
先,先頭
先,先登
先,尖端
彼,彼氏
彼,ボーイフレンド
果,成果
果,作用
果,成り行き
果,結末
果,効果
果,成果
果,成り行き
果,結末
果,結果
果,首尾
物,事
物,事柄
物,代物
物,物件
物,物事
物,物質
物,サブスタンス
物,もの
物,品
物,物品
物,品物
物,もの
物,事柄
物,こと
物,その儀
物,常態
物,もの
物,代物
物,品
物,物品
物,物件
物,もの
物,代物
物,品
物,物品
物,物件
物,もの
一,１
一,ワン
一,壱
一,もの
一,一つ
一,一個
一,壱
木,成木
木,ツリー
木,天然木
木,高木
木,樹
木,樹形図
木,成木
木,ツリー
木,天然木
木,高木
木,樹
木,樹形図
食,食み
食,食べること
食,喫飯
食,食い
食,摂食
食,含み
食,一飲み
食,含
食,ひと口
食,一口
料,必要経費
料,要脚
料,掛り
料,掛かり
料,勘定
料,値
料,値段
料,代金
料,価格
料,料金
料,必要経費
料,要脚
料,値
料,定価
料,買値
料,値
料,値段
料,代金
料,価格
料,代
猛,猛烈
猛,烈烈たる
猛,荒々しい
猛,繽紛たる
猛,劇しい
獣,四つ脚
獣,毛の荒物
獣,獣畜
獣,4つ脚
獣,アニマル
身,骨身
身,ししむら
身,五体
身,肉塊
身,躯体
場,シーン
場,場面
場,場所
場,プレイス
場,スポット
場,所
場,ポイント
場,場所
場,スポット
場,所
場,箇所
場,個所
場,グラウンド
場,～場
場,フロア
場,立ち会い場
場,力の場
場,力場
場,界
場,所
場,面影
場,情景
場,風景
場,光景
場,場所
場,プレイス
場,所
場,所在
場,位置
場,場所
場,所
場,位置
場,ロケーション
場,地点
所,面影
所,情景
所,風景
所,光景
所,シーン
所,場所
所,プレイス
所,所在
所,位置
所,ところ
所,場所
所,プレイス
所,スポット
所,ポイント
所,箇所
所,場所
所,位置
所,ロケーション
所,場
所,地点
所,場所
所,スポット
所,箇所
所,個所
所,場
所,アド
所,居住地
所,アドレス
所,居所
所,所在地
所,場所
所,位置
所,空間的関係
所,ポジション
森,樹林
森,林地
森,ラフォーレ
森,森林地
森,森林地帯
森,樹林
森,林地
森,林
森,森林
木,成木
木,ツリー
木,天然木
木,高木
木,樹
木,樹形図
霊,肝ったま
霊,肝っ魂
霊,胆玉
霊,肝
霊,エスプリ
霊,悪霊
霊,幽霊
霊,化け物
霊,ゴースト
霊,お化け
霊,霊魂
霊,精
霊,精霊
霊,心霊
霊,魂
霊,霊魂
霊,心霊
霊,気魂
霊,性霊
霊,精神
霊,魑魅
霊,幻影
霊,生霊
霊,亡者
霊,物の気
長,お頭
長,頭領
長,主任
長,リーダ
長,親方
類,タイプ
類,類い
類,類型
類,型
類,種類
類,ジャンル
類,タイプ
類,類型
類,型
類,種
類,比
類,タイプ
類,類い
類,手合い
類,部類
類,ジャンル
類,類概念
類,部類
類,種類
人,凡夫
人,凡人
人,人手
人,稼働人口
人,マンパワー
人,人員
人,労働力人口
人,人格者
人,人称
人,者
人,方
人,人間
人,人類
人,ヒト
人,人間
人,男の人
人,男
人,万物の霊長
人,人間
人,ヒト
人,人間
人,個人
人,人間
人,性質
人,人品
人,性格
人,柄
人,品性
人,人格者
人,人称
人,者
人,方
人,人間
人,男の人
人,男
人,万物の霊長
人,人間
人,ヒト属
人,ヒト
人,ホモ
人,人間
類,タイプ
類,類い
類,類型
類,型
類,種類
類,ジャンル
類,タイプ
類,類型
類,型
類,種
類,比
類,タイプ
類,類い
類,手合い
類,部類
類,ジャンル
類,類概念
類,部類
類,種類
祖,素姓
祖,元祖
祖,血統
祖,ソース
祖,家筋
祖,高祖
祖,先祖
祖,始祖
祖,ルーツ
祖,曩祖
祖,お祖父さん
祖,祖父君
祖,祖父
祖,祖父さま
祖,御祖父
祖,寛恕
祖,先祖
先,優先
先,プライオリティー
先,優先権
先,プライオリティ
先,先行き
先,此から
先,お先
先,末々
先,後来
先,頂上
先,上端
先,尖端
先,先端
先,頂
先,崎
先,岬
先,尖端
先,穂先
先,先端
先,先っぽ
先,先端
先,先端部
先,最尖端
先,最先端
先,末つ方
先,末端
先,尻っ方
先,尻
先,尖端
先,崎
先,岬
先,先頭
先,先登
先,尖端
説,理屈
説,理窟
説,理論
説,理くつ
説,セオリー
説,理論
説,原理
説,学説
説,体系
説,セオリー
火,火難
火,火事
火,火災
火,燃焼
火,回禄
火,ファイア
火,炎
火,火炎
火,ファイア
火,炎
火,焔
火,炎
火,暖炉
火,焔
山,博奕
山,一山
山,軽業
山,ベンチャー
山,投機
山,金山
山,砿山
山,鉱山
山,堆積
山,積み重ねたもの
山,嶽
山,山岳
山,牟礼
山,マウンテン
山,お山
山,分れ目
山,危局
山,存亡の機
山,危急存亡の秋
山,境目
山,絶頂
山,頂上
山,真盛
山,最高潮
山,山場
動,移り
動,移転
動,動き
動,変位
動,移動
動,提言
動,動き
動,運動
動,御返し
動,変更
動,御釣り
動,多様性
動,お返し
動,狼藉
動,混迷
動,乱脈
動,混乱
動,乱雑
動,御返し
動,変更
動,お返し
動,替え
動,変わり
地,キャラクタ
地,性質
地,性合い
地,性合
地,人品
地,場所
地,プレイス
地,スポット
地,所
地,ポイント
地,後景
地,背後
地,バックグラウンド
地,バックグランド
地,バック
地,土
地,大地
地,陸上
地,土壌
地,地面
地,土
地,陸地
地,グラウンド
地,地びた
地,地所
地,泥
地,土
地,大地
地,間土
地,紙土
震,揺り
震,振盪
震,動揺
震,震顫
震,顫動
震,戦き
震,スリル
震,身震
震,戦慄
震,ぞくぞくすること
大,でかい
大,おっきい
大,偉い
大,大きい
大,大き
大,矯激
大,非常
大,馬鹿
大,過激
大,甚だしい
陸,六
陸,６
陸,６つ
陸,半ダース
陸,六つ
南,午
南,真南
南,ま南
南,南方
北,子
北,真北
北,北方
北,北の方
北,ノース
北,磁北
北,羅北
北,北国
北,北方
北,北部
北,北部地方
大,でかい
大,おっきい
大,偉い
大,大きい
大,大き
大,矯激
大,非常
大,馬鹿
大,過激
大,甚だしい
地,キャラクタ
地,性質
地,性合い
地,性合
地,人品
地,場所
地,プレイス
地,スポット
地,所
地,ポイント
地,後景
地,背後
地,バックグラウンド
地,バックグランド
地,バック
地,土
地,大地
地,陸上
地,土壌
地,地面
地,土
地,陸地
地,グラウンド
地,地びた
地,地所
地,泥
地,土
地,大地
地,間土
地,紙土
溝,堀切り
溝,作条
溝,壕
溝,水尾
溝,導水渠
溝,堀り割り
溝,掘り割り
溝,堀割り
溝,壕
溝,堀
溝,差異
溝,差
溝,開き
溝,違
溝,隔たり
溝,雨うけ
溝,どぶ
溝,竪樋
溝,樋
溝,縦どい
帯,バンド
帯,徒党
帯,群れ
帯,鉢巻き
帯,囃子
帯,バンド
帯,胴締め
帯,サンチュール
帯,帯皮
帯,三尺帯
帯,バンド
帯,徒党
帯,群れ
帯,囃子
形,形姿
形,フォーム
形,外形
形,型
形,形態
形,姿態
形,容態
形,形姿
形,シェープ
形,形様
形,形式
形,恰好
形,格好
形,表し方
形,体裁
富,殷富
富,身代
富,資財
富,リッチ
富,富み
富,財
富,財宝
富,宝
富,貨財
富,財貨
富,九鼎
富,虎の子
富,珍宝
富,お宝
富,秘蔵
士,檀那
士,貴紳
士,御方
士,紳士
士,人士
士,士人
士,侍
士,武家
士,武士
士,武者
山,博奕
山,一山
山,軽業
山,ベンチャー
山,投機
山,金山
山,砿山
山,鉱山
山,堆積
山,積み重ねたもの
山,嶽
山,山岳
山,牟礼
山,マウンテン
山,お山
山,分れ目
山,危局
山,存亡の機
山,危急存亡の秋
山,境目
山,絶頂
山,頂上
山,真盛
山,最高潮
山,山場
標,荷印
標,マーカー
標,標識
標,符帳
標,標記
標,表徴
標,略号
標,紋章
標,シンボル
標,信号
標,印
標,目じるし
標,マーク
標,目印
標,正鵠
標,銘柄
標,点数
標,符号
標,印
標,表徴
標,徴証
標,表われ
標,息差
標,先ぶれ
標,正鵠
標,点数
標,符号
標,印
標,烙印
標,裏付
標,校正刷り
標,プルーフ
標,印
標,裏付け
高,物量
高,量
高,クオンティティ
高,クォンティティー
高,数
山,博奕
山,一山
山,軽業
山,ベンチャー
山,投機
山,金山
山,砿山
山,鉱山
山,堆積
山,積み重ねたもの
山,嶽
山,山岳
山,牟礼
山,マウンテン
山,お山
山,分れ目
山,危局
山,存亡の機
山,危急存亡の秋
山,境目
山,絶頂
山,頂上
山,真盛
山,最高潮
山,山場
脈,期待
脈,希望
脈,望み
脈,見込
脈,冀望
脈,チェイン
脈,チェーン
脈,鎖
脈,静脈
脈,脈拍
脈,ドキドキ
脈,心拍
脈,どきどき
脈,心音
脈,心拍数
脈,鉱脈
脈,荷重
脈,チェイン
脈,チェーン
脈,鎖
脈,気脈
脈,静脈
脈,脈絡
脈,血道
脈,青筋
東,東方
東,ま東
東,卯
東,イースト
東,真東
乾,人皇
乾,主上
乾,上様
乾,エンペラー
乾,御門
場,シーン
場,場面
場,場所
場,プレイス
場,スポット
場,所
場,ポイント
場,場所
場,スポット
場,所
場,箇所
場,個所
場,グラウンド
場,～場
場,フロア
場,立ち会い場
場,力の場
場,力場
場,界
場,所
場,面影
場,情景
場,風景
場,光景
場,場所
場,プレイス
場,所
場,所在
場,位置
場,場所
場,所
場,位置
場,ロケーション
場,地点
所,面影
所,情景
所,風景
所,光景
所,シーン
所,場所
所,プレイス
所,所在
所,位置
所,ところ
所,場所
所,プレイス
所,スポット
所,ポイント
所,箇所
所,場所
所,位置
所,ロケーション
所,場
所,地点
所,場所
所,スポット
所,箇所
所,個所
所,場
所,アド
所,居住地
所,アドレス
所,居所
所,所在地
所,場所
所,位置
所,空間的関係
所,ポジション
草,草本
草,ハーブ
草,牧草
草,草本
草,ハーブ
草,薬草
草,草書
草,手書き
草,ウイード
草,ドープ
草,ウィード
原,分野
原,野原
原,フィールド
原,原野
原,畑
草,草本
草,ハーブ
草,牧草
草,草本
草,ハーブ
草,薬草
草,草書
草,手書き
草,ウイード
草,ドープ
草,ウィード
原,分野
原,野原
原,フィールド
原,原野
原,畑
霊,肝ったま
霊,肝っ魂
霊,胆玉
霊,肝
霊,エスプリ
霊,悪霊
霊,幽霊
霊,化け物
霊,ゴースト
霊,お化け
霊,霊魂
霊,精
霊,精霊
霊,心霊
霊,魂
霊,霊魂
霊,心霊
霊,気魂
霊,性霊
霊,精神
霊,魑魅
霊,幻影
霊,生霊
霊,亡者
霊,物の気
長,お頭
長,頭領
長,主任
長,リーダ
長,親方
類,タイプ
類,類い
類,類型
類,型
類,種類
類,ジャンル
類,タイプ
類,類型
類,型
類,種
類,比
類,タイプ
類,類い
類,手合い
類,部類
類,ジャンル
類,類概念
類,部類
類,種類
木,成木
木,ツリー
木,天然木
木,高木
木,樹
木,樹形図
豊,多量
豊,豊満
豊,たくさん
豊,豊饒
豊,数多
豊,肥沃
豊,豊饒
豊,豊か
豊,豊沃
豊,でかい
豊,おっきい
豊,大きい
豊,豊か
豊,でっかい
森,樹林
森,林地
森,ラフォーレ
森,森林地
森,森林地帯
森,樹林
森,林地
森,林
森,森林
草,草本
草,ハーブ
草,牧草
草,草本
草,ハーブ
草,薬草
草,草書
草,手書き
草,ウイード
草,ドープ
草,ウィード
原,分野
原,野原
原,フィールド
原,原野
原,畑
食,食み
食,食べること
食,喫飯
食,食い
食,摂食
食,含み
食,一飲み
食,含
食,ひと口
食,一口
料,必要経費
料,要脚
料,掛り
料,掛かり
料,勘定
料,値
料,値段
料,代金
料,価格
料,料金
料,必要経費
料,要脚
料,値
料,定価
料,買値
料,値
料,値段
料,代金
料,価格
料,代
猛,猛烈
猛,烈烈たる
猛,荒々しい
猛,繽紛たる
猛,劇しい
獣,四つ脚
獣,毛の荒物
獣,獣畜
獣,4つ脚
獣,アニマル
危,危地
危,危殆
危,危険
危,危機
険,荒荒しさ
険,荒っぽさ
険,荒々しさ
険,殺伐さ
険,刺刺しさ
険,声の切迫感
険,刺刺しさ
険,刺々しさ
物,事
物,事柄
物,代物
物,物件
物,物事
物,物質
物,サブスタンス
物,もの
物,品
物,物品
物,品物
物,もの
物,事柄
物,こと
物,その儀
物,常態
物,もの
物,代物
物,品
物,物品
物,物件
物,もの
物,代物
物,品
物,物品
物,物件
物,もの
敵,競争相手
敵,敵人
敵,挑戦者
敵,対敵
敵,ライバル
敵,荒廃
敵,仇
敵,破滅
敵,没落
敵,滅亡
敵,仇
敵,不和
敵,敵人
敵,仇
敵,対敵
敵,敵さん
敵,仇敵
敵,競争相手
敵,敵人
敵,対敵
敵,相手
敵,対抗馬
敵,敵人
敵,よせ手
敵,寄せ手
敵,対敵
敵,敵兵
敵,敵人
敵,対敵
敵,反対者
敵,敵手
敵,敵対者
敵,仇
敵,反対者
敵,仇同氏
敵,エネミー
敵,荒廃
敵,仇
敵,破滅
敵,没落
敵,滅亡
敵,壊滅
敵,荒廃
敵,仇
敵,疲弊
敵,破滅
敵,敵人
敵,敵軍
要,須要
要,必然
要,不可欠
要,必要
要,必須
要,中枢
要,中軸
要,心棒
要,枢軸
要,中心
要,主意
要,中枢
要,核心
要,眼目
要,エッセンス
草,草本
草,ハーブ
草,牧草
草,草本
草,ハーブ
草,薬草
草,草書
草,手書き
草,ウイード
草,ドープ
草,ウィード
原,分野
原,野原
原,フィールド
原,原野
原,畑
生,生命
生,ライフ
生,命
生,生命現象
生,種根
生,素姓
生,氏素姓
生,門
生,系統
霊,肝ったま
霊,肝っ魂
霊,胆玉
霊,肝
霊,エスプリ
霊,悪霊
霊,幽霊
霊,化け物
霊,ゴースト
霊,お化け
霊,霊魂
霊,精
霊,精霊
霊,心霊
霊,魂
霊,霊魂
霊,心霊
霊,気魂
霊,性霊
霊,精神
霊,魑魅
霊,幻影
霊,生霊
霊,亡者
霊,物の気
長,お頭
長,頭領
長,主任
長,リーダ
長,親方
類,タイプ
類,類い
類,類型
類,型
類,種類
類,ジャンル
類,タイプ
類,類型
類,型
類,種
類,比
類,タイプ
類,類い
類,手合い
類,部類
類,ジャンル
類,類概念
類,部類
類,種類
本,著作
本,芝居
本,著書
本,労作
本,力作
本,進数
本,付け根
本,根拠
本,基礎
本,基盤
本,脚本
本,原作
本,台本
本,シナリオ
本,スクリプト
本,進数
本,付け根
本,根拠
本,基礎
本,基盤
本,編
本,韋編
本,一巻き
本,篇
本,ボリューム
本,書史
本,-冊
本,篇帙
本,書誌
本,一巻
本,韋編
本,著作
本,御本
本,著書
本,書史
足,肢
足,脚
足,脚部
足,骭
足,脛
足,脚部
足,足もと
足,足下
足,足元
足,要脚
足,ゲル
足,先立つ物
足,お金
足,銭
足,脚
足,脚
足,脚部
足,トランスポーテイション
足,トランスポーテーション
足,交通システム
足,通運
足,交通体系
足,足部
足,御御足
足,あんよ
足,お御足
足,おみ足
足,韻脚
足,麓
人,凡夫
人,凡人
人,人手
人,稼働人口
人,マンパワー
人,人員
人,労働力人口
人,人格者
人,人称
人,者
人,方
人,人間
人,人類
人,ヒト
人,人間
人,男の人
人,男
人,万物の霊長
人,人間
人,ヒト
人,人間
人,個人
人,人間
人,性質
人,人品
人,性格
人,柄
人,品性
人,人格者
人,人称
人,者
人,方
人,人間
人,男の人
人,男
人,万物の霊長
人,人間
人,ヒト属
人,ヒト
人,ホモ
人,人間
類,タイプ
類,類い
類,類型
類,型
類,種類
類,ジャンル
類,タイプ
類,類型
類,型
類,種
類,比
類,タイプ
類,類い
類,手合い
類,部類
類,ジャンル
類,類概念
類,部類
類,種類
祖,素姓
祖,元祖
祖,血統
祖,ソース
祖,家筋
祖,高祖
祖,先祖
祖,始祖
祖,ルーツ
祖,曩祖
祖,お祖父さん
祖,祖父君
祖,祖父
祖,祖父さま
祖,御祖父
祖,寛恕
祖,先祖
先,優先
先,プライオリティー
先,優先権
先,プライオリティ
先,先行き
先,此から
先,お先
先,末々
先,後来
先,頂上
先,上端
先,尖端
先,先端
先,頂
先,崎
先,岬
先,尖端
先,穂先
先,先端
先,先っぽ
先,先端
先,先端部
先,最尖端
先,最先端
先,末つ方
先,末端
先,尻っ方
先,尻
先,尖端
先,崎
先,岬
先,先頭
先,先登
先,尖端
直,親密
直,密接に
直,近く
足,肢
足,脚
足,脚部
足,骭
足,脛
足,脚部
足,足もと
足,足下
足,足元
足,要脚
足,ゲル
足,先立つ物
足,お金
足,銭
足,脚
足,脚
足,脚部
足,トランスポーテイション
足,トランスポーテーション
足,交通システム
足,通運
足,交通体系
足,足部
足,御御足
足,あんよ
足,お御足
足,おみ足
足,韻脚
足,麓
歩,歩み
歩,ステップ
歩,歩武
歩,足付き
歩,足取り
歩,お拾い
歩,お拾
歩,歩み
歩,歩路
歩,繰出し
歩,お拾い
歩,お拾
歩,歩み
歩,散歩
歩,あんよ
歩,ペース
歩,速度
歩,歩み
歩,スピード
歩,速さ
行,行ない
行,営み
行,行動
行,行い
行,アクト
行,ライン
行,行列
行,線路
行,筋
行,列
行,ライン
行,行列
行,線路
行,筋
行,列
人,凡夫
人,凡人
人,人手
人,稼働人口
人,マンパワー
人,人員
人,労働力人口
人,人格者
人,人称
人,者
人,方
人,人間
人,人類
人,ヒト
人,人間
人,男の人
人,男
人,万物の霊長
人,人間
人,ヒト
人,人間
人,個人
人,人間
人,性質
人,人品
人,性格
人,柄
人,品性
人,人格者
人,人称
人,者
人,方
人,人間
人,男の人
人,男
人,万物の霊長
人,人間
人,ヒト属
人,ヒト
人,ホモ
人,人間
類,タイプ
類,類い
類,類型
類,型
類,種類
類,ジャンル
類,タイプ
類,類型
類,型
類,種
類,比
類,タイプ
類,類い
類,手合い
類,部類
類,ジャンル
類,類概念
類,部類
類,種類
祖,素姓
祖,元祖
祖,血統
祖,ソース
祖,家筋
祖,高祖
祖,先祖
祖,始祖
祖,ルーツ
祖,曩祖
祖,お祖父さん
祖,祖父君
祖,祖父
祖,祖父さま
祖,御祖父
祖,寛恕
祖,先祖
先,優先
先,プライオリティー
先,優先権
先,プライオリティ
先,先行き
先,此から
先,お先
先,末々
先,後来
先,頂上
先,上端
先,尖端
先,先端
先,頂
先,崎
先,岬
先,尖端
先,穂先
先,先端
先,先っぽ
先,先端
先,先端部
先,最尖端
先,最先端
先,末つ方
先,末端
先,尻っ方
先,尻
先,尖端
先,崎
先,岬
先,先頭
先,先登
先,尖端
明,明朝
明,灯し火
明,洋灯
明,燭
明,ラムプ
明,灯り
道,途
道,道筋
道,途方
道,仕様
道,経路
道,通路
道,途
道,道筋
道,コース
道,ライン
道,通路
道,道筋
道,コース
道,通道
道,通り路
道,途
道,ライン
道,行路
道,ロード
道,小路
道,ライン
道,伝達ルート
道,経路
道,ルート
道,回線
道,途
道,路次
道,旅程
道,道途
道,道塗
彼,彼氏
彼,ボーイフレンド
由,事由
由,理屈
由,根拠
由,理合い
由,訳合い
由,事由
由,理屈
由,廉
由,節理
由,根拠
由,遣り口
由,途方
由,手段
由,仕様
由,致し方
由,裏付
由,原拠
由,徴証
由,拠り所
由,証
前,前部
前,表
前,フロント
前,表がわ
前,前っ面
前,そば
前,目の前
前,お前
前,面前
前,御前
前,前部
前,フロント
前,前っ面
前,前面
足,肢
足,脚
足,脚部
足,骭
足,脛
足,脚部
足,足もと
足,足下
足,足元
足,要脚
足,ゲル
足,先立つ物
足,お金
足,銭
足,脚
足,脚
足,脚部
足,トランスポーテイション
足,トランスポーテーション
足,交通システム
足,通運
足,交通体系
足,足部
足,御御足
足,あんよ
足,お御足
足,おみ足
足,韻脚
足,麓
手,腕
手,アーム
手,かいな
手,筆蹟
手,筆致
手,手跡
手,肉筆
手,手書き
手,行動
手,動き
手,アクション
手,ハンド
手,御手手
手,お手て
手,お手手
手,お手々
手,手札
手,流儀
手,遣り口
手,仕様
手,筆法
手,スタイル
手,把っ手
手,手持部分
手,掴み
手,取っ手
手,取所
手,人手
手,せん術
手,筋道
手,遣り口
手,手口
手,途方
今,丁度
今,ついさっき
今,今にして
今,今や
今,今では
今,今では
今,この節
今,此の程
今,此の節
今,丁度
今,たった今
今,ただ今
今,ちょうど
今,ついさっき
今,この時
今,さし向き
今,さしあたって
今,現在
今,今や
今,差し当たって
百,１００
万,一万
年,高齢
年,老い
年,老年
年,老年期
年,老齢
年,年頃
年,齢
年,年令
年,年齢
年,歳
年,歳次
年,年中
年,年度
年,年間
年,年歳
年,齢
年,年歯
年,馬齢
年,年算
年,年歳
前,前部
前,表
前,フロント
前,表がわ
前,前っ面
前,そば
前,目の前
前,お前
前,面前
前,御前
前,前部
前,フロント
前,前っ面
前,前面
猿,模倣者
猿,亜流
猿,デッドボルト
猿,関の木
猿,閂
猿,桟
猿,貫の木
猿,エテ公
猿,サル
猿,猿公
猿,山猿
猿,猿猴
人,凡夫
人,凡人
人,人手
人,稼働人口
人,マンパワー
人,人員
人,労働力人口
人,人格者
人,人称
人,者
人,方
人,人間
人,人類
人,ヒト
人,人間
人,男の人
人,男
人,万物の霊長
人,人間
人,ヒト
人,人間
人,個人
人,人間
人,性質
人,人品
人,性格
人,柄
人,品性
人,人格者
人,人称
人,者
人,方
人,人間
人,男の人
人,男
人,万物の霊長
人,人間
人,ヒト属
人,ヒト
人,ホモ
人,人間
石,石ころ
石,ストーン
石,ロック
石,石塊
石,石巌
石,石ころ
石,ストーン
石,石塊
石,石巌
石,岩
石,石材
器,ボウル
器,鉢
器,器物
器,入れもの
器,容れもの
器,容れ物
器,コンテナー
器,器物
器,入物
器,入れ物
器,容器
器,槽
器,物入れ
器,器物
器,入れもの
器,容れもの
道,途
道,道筋
道,途方
道,仕様
道,経路
道,通路
道,途
道,道筋
道,コース
道,ライン
道,通路
道,道筋
道,コース
道,通道
道,通り路
道,途
道,ライン
道,行路
道,ロード
道,小路
道,ライン
道,伝達ルート
道,経路
道,ルート
道,回線
道,途
道,路次
道,旅程
道,道途
道,道塗
具,手段
具,ツール
具,道具
具,物の具
具,器財
具,器械
具,器具
具,用具
五,５
十,１０
十,テン
十,拾
十,什
万,一万
年,高齢
年,老い
年,老年
年,老年期
年,老齢
年,年頃
年,齢
年,年令
年,年齢
年,歳
年,歳次
年,年中
年,年度
年,年間
年,年歳
年,齢
年,年歯
年,馬齢
年,年算
年,年歳
前,前部
前,表
前,フロント
前,表がわ
前,前っ面
前,そば
前,目の前
前,お前
前,面前
前,御前
前,前部
前,フロント
前,前っ面
前,前面
原,分野
原,野原
原,フィールド
原,原野
原,畑
人,凡夫
人,凡人
人,人手
人,稼働人口
人,マンパワー
人,人員
人,労働力人口
人,人格者
人,人称
人,者
人,方
人,人間
人,人類
人,ヒト
人,人間
人,男の人
人,男
人,万物の霊長
人,人間
人,ヒト
人,人間
人,個人
人,人間
人,性質
人,人品
人,性格
人,柄
人,品性
人,人格者
人,人称
人,者
人,方
人,人間
人,男の人
人,男
人,万物の霊長
人,人間
人,ヒト属
人,ヒト
人,ホモ
人,人間
火,火難
火,火事
火,火災
火,燃焼
火,回禄
火,ファイア
火,炎
火,火炎
火,ファイア
火,炎
火,焔
火,炎
火,暖炉
火,焔
生,生命
生,ライフ
生,命
生,生命現象
生,種根
生,素姓
生,氏素姓
生,門
生,系統
後,根継ぎ
後,続ぎ目
後,継嗣
後,つぎ目
後,続目
後,裏
後,背後
後,後ろ
後,バック
後,裏面
後,裏
後,後ろ
後,背中
後,バック
後,裏
後,背後
後,後ろ
後,バック
後,先行き
後,此から
後,お先
後,末々
後,後来
後,背面
後,裏手
後,裏面
後,陰
後,裡面
後,背部
後,背
後,後ろ
後,背中
後,脊
現,此の中
現,此程
現,近頃
現,現下
現,日ごろ
現,レアリテ
現,レアリテー
現,リアリティ
現,アクチュアリティ
現,現実
人,凡夫
人,凡人
人,人手
人,稼働人口
人,マンパワー
人,人員
人,労働力人口
人,人格者
人,人称
人,者
人,方
人,人間
人,人類
人,ヒト
人,人間
人,男の人
人,男
人,万物の霊長
人,人間
人,ヒト
人,人間
人,個人
人,人間
人,性質
人,人品
人,性格
人,柄
人,品性
人,人格者
人,人称
人,者
人,方
人,人間
人,男の人
人,男
人,万物の霊長
人,人間
人,ヒト属
人,ヒト
人,ホモ
人,人間
人,凡夫
人,凡人
人,人手
人,稼働人口
人,マンパワー
人,人員
人,労働力人口
人,人格者
人,人称
人,者
人,方
人,人間
人,人類
人,ヒト
人,人間
人,男の人
人,男
人,万物の霊長
人,人間
人,ヒト
人,人間
人,個人
人,人間
人,性質
人,人品
人,性格
人,柄
人,品性
人,人格者
人,人称
人,者
人,方
人,人間
人,男の人
人,男
人,万物の霊長
人,人間
人,ヒト属
人,ヒト
人,ホモ
人,人間
死,永眠
死,御事
死,卒
死,死歿
死,落命
死,死歿
死,没
死,死に
死,死没
死,絶命
死,亡失
死,減退
死,喪失
死,負け
死,遺失
死,不祝儀
死,没
死,最後
死,不幸
死,絶命
者,人格者
者,人
者,人称
者,方
者,人間
者,人格者
者,人
者,人称
者,方
者,人間
葬,葬斂
葬,葬り
葬,野辺送り
葬,野葬
葬,土葬
葬,弔い
葬,追悼式
葬,葬儀式
葬,葬斂
葬,葬り
万,一万
年,高齢
年,老い
年,老年
年,老年期
年,老齢
年,年頃
年,齢
年,年令
年,年齢
年,歳
年,歳次
年,年中
年,年度
年,年間
年,年歳
年,齢
年,年歯
年,馬齢
年,年算
年,年歳
前,前部
前,表
前,フロント
前,表がわ
前,前っ面
前,そば
前,目の前
前,お前
前,面前
前,御前
前,前部
前,フロント
前,前っ面
前,前面
生,生命
生,ライフ
生,命
生,生命現象
生,種根
生,素姓
生,氏素姓
生,門
生,系統
新,こと新しい
新,目新しい
新,新奇
新,耳あたらしい
新,初
新,こと新しい
新,目新しい
新,耳あたらしい
新,新規
新,耳新しい
人,凡夫
人,凡人
人,人手
人,稼働人口
人,マンパワー
人,人員
人,労働力人口
人,人格者
人,人称
人,者
人,方
人,人間
人,人類
人,ヒト
人,人間
人,男の人
人,男
人,万物の霊長
人,人間
人,ヒト
人,人間
人,個人
人,人間
人,性質
人,人品
人,性格
人,柄
人,品性
人,人格者
人,人称
人,者
人,方
人,人間
人,男の人
人,男
人,万物の霊長
人,人間
人,ヒト属
人,ヒト
人,ホモ
人,人間
人,凡夫
人,凡人
人,人手
人,稼働人口
人,マンパワー
人,人員
人,労働力人口
人,人格者
人,人称
人,者
人,方
人,人間
人,人類
人,ヒト
人,人間
人,男の人
人,男
人,万物の霊長
人,人間
人,ヒト
人,人間
人,個人
人,人間
人,性質
人,人品
人,性格
人,柄
人,品性
人,人格者
人,人称
人,者
人,方
人,人間
人,男の人
人,男
人,万物の霊長
人,人間
人,ヒト属
人,ヒト
人,ホモ
人,人間
現,此の中
現,此程
現,近頃
現,現下
現,日ごろ
現,レアリテ
現,レアリテー
現,リアリティ
現,アクチュアリティ
現,現実
人,凡夫
人,凡人
人,人手
人,稼働人口
人,マンパワー
人,人員
人,労働力人口
人,人格者
人,人称
人,者
人,方
人,人間
人,人類
人,ヒト
人,人間
人,男の人
人,男
人,万物の霊長
人,人間
人,ヒト
人,人間
人,個人
人,人間
人,性質
人,人品
人,性格
人,柄
人,品性
人,人格者
人,人称
人,者
人,方
人,人間
人,男の人
人,男
人,万物の霊長
人,人間
人,ヒト属
人,ヒト
人,ホモ
人,人間
類,タイプ
類,類い
類,類型
類,型
類,種類
類,ジャンル
類,タイプ
類,類型
類,型
類,種
類,比
類,タイプ
類,類い
類,手合い
類,部類
類,ジャンル
類,類概念
類,部類
類,種類
姿,風格
姿,佇い
姿,風柄
姿,佇
姿,佇まい
姿,面様
姿,面構
姿,面構え
姿,見附き
姿,身なり
姿,風姿
姿,風付き
姿,相好
姿,形振り
姿,身なり
姿,姿態
姿,容態
姿,形姿
姿,シェープ
姿,形様
姿,仮相
姿,風情
姿,見え
姿,身なり
姿,体貌
彼,彼氏
彼,ボーイフレンド
言,言語行動
言,弁
言,口演
言,辞
言,話すこと
言,口先
言,辞
言,言い方
言,詞
言,ラング
言,口述
言,申立て
言,申し言
言,申し立て
言,言説
葉,樹葉
葉,葉っぱ
葉,木の葉
葉,木ノ葉
葉,葉身
葉,一葉
力,勢い
力,強さ
力,勢
力,才幹
力,器量
力,力量
力,能才
力,アビリティー
力,活動力
力,生気
力,精
力,ヴァイタリティ
力,精力
力,権威
力,権勢
力,威光
力,インフルエンス
力,勢威
力,生彩
力,精彩
力,力量
力,力倆
力,能
力,アビリティー
力,アビリティ
力,強さ
力,力強さ
力,パワー
力,パワー
狩,ハント
狩,狩猟
狩,狩り
狩,猟
狩,ハンティング
狩,遊猟
狩,狩猟
狩,狩り
狩,猟
人,凡夫
人,凡人
人,人手
人,稼働人口
人,マンパワー
人,人員
人,労働力人口
人,人格者
人,人称
人,者
人,方
人,人間
人,人類
人,ヒト
人,人間
人,男の人
人,男
人,万物の霊長
人,人間
人,ヒト
人,人間
人,個人
人,人間
人,性質
人,人品
人,性格
人,柄
人,品性
人,人格者
人,人称
人,者
人,方
人,人間
人,男の人
人,男
人,万物の霊長
人,人間
人,ヒト属
人,ヒト
人,ホモ
人,人間
刀,段びら
刀,剣
刀,殺人刀
刀,刀剣
刀,段平
刀,剣
刀,サーブル
刀,サーベル
刀,軍刀
刀,剣
刀,サーブル
刀,サーベル
刀,軍刀
刀,合口
刀,ナイフ
刀,匕首
刀,どす
刀,小刀
石,石ころ
石,ストーン
石,ロック
石,石塊
石,石巌
石,石ころ
石,ストーン
石,石塊
石,石巌
石,岩
石,石材
器,ボウル
器,鉢
器,器物
器,入れもの
器,容れもの
器,容れ物
器,コンテナー
器,器物
器,入物
器,入れ物
器,容器
器,槽
器,物入れ
器,器物
器,入れもの
器,容れもの
刻,彫り刻む
刻,彫る
刻,彫刻
刻,刻む
骨,骨組織
骨,骨法
格,規制
格,決り
格,準則
格,規格
格,定め事
格,地位
格,ステータス
格,地歩
格,羽振り
格,ステイタス
格,地位
格,品等
格,点数
格,位地
格,等
格,ケイス
格,ケース
器,ボウル
器,鉢
器,器物
器,入れもの
器,容れもの
器,容れ物
器,コンテナー
器,器物
器,入物
器,入れ物
器,容器
器,槽
器,物入れ
器,器物
器,入れもの
器,容れもの
槍,鉾
槍,スピア
槍,真槍
槍,矛
槍,鑓
弓,ボーゲン
弓,ボウ
弓,ボー
弓,アーク
弓,洋弓
弓,ボウ
弓,ボー
矢,箭
矢,アロー
明,明朝
明,灯し火
明,洋灯
明,燭
明,ラムプ
明,灯り
集,会合
集,アセンブリー
集,集結
集,コンベンション
集,会
団,一座
団,一行
団,集団
団,人だかり
団,集まり
団,群集
団,人集
団,隊
狩,ハント
狩,狩猟
狩,狩り
狩,猟
狩,ハンティング
狩,遊猟
狩,狩猟
狩,狩り
狩,猟
大,でかい
大,おっきい
大,偉い
大,大きい
大,大き
大,矯激
大,非常
大,馬鹿
大,過激
大,甚だしい
物,事
物,事柄
物,代物
物,物件
物,物事
物,物質
物,サブスタンス
物,もの
物,品
物,物品
物,品物
物,もの
物,事柄
物,こと
物,その儀
物,常態
物,もの
物,代物
物,品
物,物品
物,物件
物,もの
物,代物
物,品
物,物品
物,物件
物,もの
彼,彼氏
彼,ボーイフレンド
洞,空
洞,穴ぼこ
洞,穴隙
洞,穴凹
洞,孔
洞,窟
洞,岩屋
洞,石屋
洞,洞窟
洞,洞穴
洞,空
洞,穴ぼこ
洞,穴隙
洞,穴凹
洞,孔
洞,窟
洞,岩屋
洞,石屋
洞,洞窟
洞,空洞
洞,穴ぼこ
洞,穴隙
洞,穴凹
洞,穿孔
洞,孔
洞,巌窟
洞,磐屋
洞,窟
洞,岩屋
洞,ほら穴
今,丁度
今,ついさっき
今,今にして
今,今や
今,今では
今,今では
今,この節
今,此の程
今,此の節
今,丁度
今,たった今
今,ただ今
今,ちょうど
今,ついさっき
今,この時
今,さし向き
今,さしあたって
今,現在
今,今や
今,差し当たって
狩,ハント
狩,狩猟
狩,狩り
狩,猟
狩,ハンティング
狩,遊猟
狩,狩猟
狩,狩り
狩,猟
功,功績
功,手柄
功,偉勲
功,業績
功,功業
動,移り
動,移転
動,動き
動,変位
動,移動
動,提言
動,動き
動,運動
動,御返し
動,変更
動,御釣り
動,多様性
動,お返し
動,狼藉
動,混迷
動,乱脈
動,混乱
動,乱雑
動,御返し
動,変更
動,お返し
動,替え
動,変わり
物,事
物,事柄
物,代物
物,物件
物,物事
物,物質
物,サブスタンス
物,もの
物,品
物,物品
物,品物
物,もの
物,事柄
物,こと
物,その儀
物,常態
物,もの
物,代物
物,品
物,物品
物,物件
物,もの
物,代物
物,品
物,物品
物,物件
物,もの
絵,図面
絵,図案
絵,図画
絵,画
絵,図絵
絵,画像
絵,動画
絵,映像
絵,図面
絵,図解
絵,挿し画
絵,イラスト
絵,画像
大,でかい
大,おっきい
大,偉い
大,大きい
大,大き
大,矯激
大,非常
大,馬鹿
大,過激
大,甚だしい
地,キャラクタ
地,性質
地,性合い
地,性合
地,人品
地,場所
地,プレイス
地,スポット
地,所
地,ポイント
地,後景
地,背後
地,バックグラウンド
地,バックグランド
地,バック
地,土
地,大地
地,陸上
地,土壌
地,地面
地,土
地,陸地
地,グラウンド
地,地びた
地,地所
地,泥
地,土
地,大地
地,間土
地,紙土
溝,堀切り
溝,作条
溝,壕
溝,水尾
溝,導水渠
溝,堀り割り
溝,掘り割り
溝,堀割り
溝,壕
溝,堀
溝,差異
溝,差
溝,開き
溝,違
溝,隔たり
溝,雨うけ
溝,どぶ
溝,竪樋
溝,樋
溝,縦どい
帯,バンド
帯,徒党
帯,群れ
帯,鉢巻き
帯,囃子
帯,バンド
帯,胴締め
帯,サンチュール
帯,帯皮
帯,三尺帯
帯,バンド
帯,徒党
帯,群れ
帯,囃子
東,東方
東,ま東
東,卯
東,イースト
東,真東
環,円環
環,環形
環,輪形
環,リング
環,輪
環,銀輪
環,ホイール
環,車
環,車輪
環,輪
環,ループライン
環,ループ
環,輪
環,環状
環,輪っか
境,縁
境,ボーダーライン
境,境目
境,外辺部
境,ボーダー
境,地位
境,身分
境,位地
境,立場
境,ところ
境,バウンダリ
境,地境
境,リミット
境,境目
境,バウンド
人,凡夫
人,凡人
人,人手
人,稼働人口
人,マンパワー
人,人員
人,労働力人口
人,人格者
人,人称
人,者
人,方
人,人間
人,人類
人,ヒト
人,人間
人,男の人
人,男
人,万物の霊長
人,人間
人,ヒト
人,人間
人,個人
人,人間
人,性質
人,人品
人,性格
人,柄
人,品性
人,人格者
人,人称
人,者
人,方
人,人間
人,男の人
人,男
人,万物の霊長
人,人間
人,ヒト属
人,ヒト
人,ホモ
人,人間
類,タイプ
類,類い
類,類型
類,型
類,種類
類,ジャンル
類,タイプ
類,類型
類,型
類,種
類,比
類,タイプ
類,類い
類,手合い
類,部類
類,ジャンル
類,類概念
類,部類
類,種類
祖,素姓
祖,元祖
祖,血統
祖,ソース
祖,家筋
祖,高祖
祖,先祖
祖,始祖
祖,ルーツ
祖,曩祖
祖,お祖父さん
祖,祖父君
祖,祖父
祖,祖父さま
祖,御祖父
祖,寛恕
祖,先祖
先,優先
先,プライオリティー
先,優先権
先,プライオリティ
先,先行き
先,此から
先,お先
先,末々
先,後来
先,頂上
先,上端
先,尖端
先,先端
先,頂
先,崎
先,岬
先,尖端
先,穂先
先,先端
先,先っぽ
先,先端
先,先端部
先,最尖端
先,最先端
先,末つ方
先,末端
先,尻っ方
先,尻
先,尖端
先,崎
先,岬
先,先頭
先,先登
先,尖端
西,酉の方角
西,酉
西,真西
西,西方
西,ウェスト
食,食み
食,食べること
食,喫飯
食,食い
食,摂食
食,含み
食,一飲み
食,含
食,ひと口
食,一口
料,必要経費
料,要脚
料,掛り
料,掛かり
料,勘定
料,値
料,値段
料,代金
料,価格
料,料金
料,必要経費
料,要脚
料,値
料,定価
料,買値
料,値
料,値段
料,代金
料,価格
料,代
豊,多量
豊,豊満
豊,たくさん
豊,豊饒
豊,数多
豊,肥沃
豊,豊饒
豊,豊か
豊,豊沃
豊,でかい
豊,おっきい
豊,大きい
豊,豊か
豊,でっかい
富,殷富
富,身代
富,資財
富,リッチ
富,富み
富,財
富,財宝
富,宝
富,貨財
富,財貨
富,九鼎
富,虎の子
富,珍宝
富,お宝
富,秘蔵
中,内側
中,内辺
中,内
中,内方
中,内部
中,椎体
中,中ごろ
中,中間
中,中間点
中,最中
中,胴中
中,十人並
中,凡愚
中,中位
中,中分
中,平凡
中,まっ只中
中,直中
中,真っただ中
中,真只中
中,真っただなか
霊,肝ったま
霊,肝っ魂
霊,胆玉
霊,肝
霊,エスプリ
霊,悪霊
霊,幽霊
霊,化け物
霊,ゴースト
霊,お化け
霊,霊魂
霊,精
霊,精霊
霊,心霊
霊,魂
霊,霊魂
霊,心霊
霊,気魂
霊,性霊
霊,精神
霊,魑魅
霊,幻影
霊,生霊
霊,亡者
霊,物の気
長,お頭
長,頭領
長,主任
長,リーダ
長,親方
類,タイプ
類,類い
類,類型
類,型
類,種類
類,ジャンル
類,タイプ
類,類型
類,型
類,種
類,比
類,タイプ
類,類い
類,手合い
類,部類
類,ジャンル
類,類概念
類,部類
類,種類
現,此の中
現,此程
現,近頃
現,現下
現,日ごろ
現,レアリテ
現,レアリテー
現,リアリティ
現,アクチュアリティ
現,現実
姿,風格
姿,佇い
姿,風柄
姿,佇
姿,佇まい
姿,面様
姿,面構
姿,面構え
姿,見附き
姿,身なり
姿,風姿
姿,風付き
姿,相好
姿,形振り
姿,身なり
姿,姿態
姿,容態
姿,形姿
姿,シェープ
姿,形様
姿,仮相
姿,風情
姿,見え
姿,身なり
姿,体貌
人,凡夫
人,凡人
人,人手
人,稼働人口
人,マンパワー
人,人員
人,労働力人口
人,人格者
人,人称
人,者
人,方
人,人間
人,人類
人,ヒト
人,人間
人,男の人
人,男
人,万物の霊長
人,人間
人,ヒト
人,人間
人,個人
人,人間
人,性質
人,人品
人,性格
人,柄
人,品性
人,人格者
人,人称
人,者
人,方
人,人間
人,男の人
人,男
人,万物の霊長
人,人間
人,ヒト属
人,ヒト
人,ホモ
人,人間
類,タイプ
類,類い
類,類型
類,型
類,種類
類,ジャンル
類,タイプ
類,類型
類,型
類,種
類,比
類,タイプ
類,類い
類,手合い
類,部類
類,ジャンル
類,類概念
類,部類
類,種類
生,生命
生,ライフ
生,命
生,生命現象
生,種根
生,素姓
生,氏素姓
生,門
生,系統
物,事
物,事柄
物,代物
物,物件
物,物事
物,物質
物,サブスタンス
物,もの
物,品
物,物品
物,品物
物,もの
物,事柄
物,こと
物,その儀
物,常態
物,もの
物,代物
物,品
物,物品
物,物件
物,もの
物,代物
物,品
物,物品
物,物件
物,もの
類,タイプ
類,類い
類,類型
類,型
類,種類
類,ジャンル
類,タイプ
類,類型
類,型
類,種
類,比
類,タイプ
類,類い
類,手合い
類,部類
類,ジャンル
類,類概念
類,部類
類,種類
人,凡夫
人,凡人
人,人手
人,稼働人口
人,マンパワー
人,人員
人,労働力人口
人,人格者
人,人称
人,者
人,方
人,人間
人,人類
人,ヒト
人,人間
人,男の人
人,男
人,万物の霊長
人,人間
人,ヒト
人,人間
人,個人
人,人間
人,性質
人,人品
人,性格
人,柄
人,品性
人,人格者
人,人称
人,者
人,方
人,人間
人,男の人
人,男
人,万物の霊長
人,人間
人,ヒト属
人,ヒト
人,ホモ
人,人間
猿,模倣者
猿,亜流
猿,デッドボルト
猿,関の木
猿,閂
猿,桟
猿,貫の木
猿,エテ公
猿,サル
猿,猿公
猿,山猿
猿,猿猴
人,凡夫
人,凡人
人,人手
人,稼働人口
人,マンパワー
人,人員
人,労働力人口
人,人格者
人,人称
人,者
人,方
人,人間
人,人類
人,ヒト
人,人間
人,男の人
人,男
人,万物の霊長
人,人間
人,ヒト
人,人間
人,個人
人,人間
人,性質
人,人品
人,性格
人,柄
人,品性
人,人格者
人,人称
人,者
人,方
人,人間
人,男の人
人,男
人,万物の霊長
人,人間
人,ヒト属
人,ヒト
人,ホモ
人,人間
間,休み
間,切れ間
間,休止
間,ひと休み
間,絶えま
間,結付き
間,縁
間,掛りあい
間,係り
間,引っ掛り
間,スパン
間,期間
間,時間
間,切れ間
間,距離
間,合間
間,インタバル
間,透き
間,区切目
間,休止
間,絶えま
間,途切
間,区ぎり
間,明き
間,透き間
間,余地
間,間隙
間,隙間
間,室
間,部屋
間,房室
間,御部屋
間,お部屋
間,透き間
間,間隙
間,隙間
間,すきま
間,透目
間,時
間,期間
間,時間
間,間がら
間,縁
間,掛りあい
間,係り
間,結びつき
間,隔たり
間,間隔
間,期間
間,時間
間,梁間
間,渡り間
間,径間
間,スパン
間,間隔
木,成木
木,ツリー
木,天然木
木,高木
木,樹
木,樹形図
今,丁度
今,ついさっき
今,今にして
今,今や
今,今では
今,今では
今,この節
今,此の程
今,此の節
今,丁度
今,たった今
今,ただ今
今,ちょうど
今,ついさっき
今,この時
今,さし向き
今,さしあたって
今,現在
今,今や
今,差し当たって
昔,古
昔,旧時
昔,過ぎ来し方
昔,往日
昔,こし方
昔,過去
時,日月
時,春秋
時,とき
時,星霜
時,タイム
時,折り
時,とき
時,時代
時,時期
時,タイム
時,潮合い
時,好機
時,潮時
時,機宜
時,機
時,咄嗟
時,片時
時,モメント
時,寸時
時,時刻
時,折り
時,頃
時,潮時
時,とき
時,時機
時,一時
時,ひと時
時,時間
時,間
時,期間
時,時間
時,際
時,場合
時,折
時,時間
時,とき
時,回
時,折
時,度
時,時刻
時,時間
時,刻限
時,序で
時,頃
時,切っ掛け
時,節
時,機会
代,必要経費
代,要脚
代,掛り
代,掛かり
代,勘定
代,勘定
代,値段
代,代金
代,料金
代,フィー
代,世紀
代,時代
代,値
代,値段
代,代金
代,価格
代,料金
代,必要経費
代,要脚
代,値
代,定価
代,買値
代,値
代,値段
代,代金
代,価格
代,料
代,田
代,野田
代,田圃
代,小田
代,水田
代,代役
代,替え
代,替り
代,後任
代,代り
公,周知
公,明るみ
園,パーク
園,園地
園,庭園
園,緑地
園,園生
園,苑地
園,庭
園,園地
園,庭園
園,園庭
木,成木
木,ツリー
木,天然木
木,高木
木,樹
木,樹形図
木,成木
木,ツリー
木,天然木
木,高木
木,樹
木,樹形図
